player,team,position,games_played,minutes_per_game,points_per_game,rebounds_per_game,assists_per_game,steals_per_game,blocks_per_game,turnovers_per_game,fouls_per_game,total_minutes,total_points,total_rebounds,total_assists,total_steals,total_blocks,total_turnovers,total_fouls
Luka Doncic,LAL,G,64.0,35.765625,33.484375,7.734375,8.28125,1.640625,0.53125,3.984375,2.390625,2289.0,2143.0,495.0,530.0,105.0,34.0,255.0,153.0
Shai Gilgeous-Alexander,OKC,G,68.0,33.22059,31.132353,4.2941175,6.5882354,1.3970588,0.7647059,2.2205882,2.0441177,2259.0,2117.0,292.0,448.0,95.0,52.0,151.0,139.0
Anthony Edwards,MIN,G,61.0,35.032787,28.803278,4.9508195,3.7049181,1.3606558,0.8032787,2.852459,1.9344262,2137.0,1757.0,302.0,226.0,83.0,49.0,174.0,118.0
Jaylen Brown,PHI,G,71.0,34.40845,28.704226,6.9295774,5.1267605,1.0140845,0.3802817,3.6478872,2.690141,2443.0,2038.0,492.0,364.0,72.0,27.0,259.0,191.0
Tyrese Maxey,PHI,G,70.0,38.014286,28.285715,4.142857,6.5857143,1.8571428,0.78571427,2.442857,2.1571429,2661.0,1980.0,290.0,461.0,130.0,55.0,171.0,151.0
Kawhi Leonard,TOR,F,65.0,32.076923,27.892307,6.353846,3.6,1.8769231,0.41538462,2.0461538,1.2,2085.0,1813.0,413.0,234.0,122.0,27.0,133.0,78.0
Donovan Mitchell,CLE,G,70.0,33.45714,27.885714,4.5142856,5.6857142,1.4857143,0.2857143,2.8285713,2.3285713,2342.0,1952.0,316.0,398.0,104.0,20.0,198.0,163.0
Nikola Jokic,DEN,C,65.0,34.846153,27.676924,12.861539,10.723077,1.4153847,0.8153846,3.7384615,2.6615384,2265.0,1799.0,836.0,697.0,92.0,53.0,243.0,173.0
Devin Booker,PHX,G,64.0,33.53125,26.0625,3.875,6.03125,0.796875,0.28125,3.140625,2.625,2146.0,1668.0,248.0,386.0,51.0,18.0,201.0,168.0
Jalen Brunson,NY,G,74.0,35.0,26.04054,3.337838,6.7972975,0.7702703,0.10810811,2.3648648,2.2972972,2590.0,1927.0,247.0,503.0,57.0,8.0,175.0,170.0
Kevin Durant,HOU,F,78.0,36.410255,25.97436,5.4615383,4.769231,0.7948718,0.9102564,3.1538463,1.8205128,2840.0,2026.0,426.0,372.0,62.0,71.0,246.0,142.0
Jamal Murray,DEN,G,75.0,35.36,25.4,4.4,7.133333,0.88,0.38666666,2.28,1.7466667,2652.0,1905.0,330.0,535.0,66.0,29.0,171.0,131.0
Victor Wembanyama,SA,F,64.0,29.15625,25.0,11.5,3.109375,1.03125,3.078125,2.421875,2.4375,1866.0,1600.0,736.0,199.0,66.0,197.0,155.0,156.0
Deni Avdija,POR,F,66.0,33.31818,24.212122,6.878788,6.6969695,0.77272725,0.6212121,3.8333333,2.5454545,2199.0,1598.0,454.0,442.0,51.0,41.0,253.0,168.0
Pascal Siakam,IND,F,62.0,33.177418,23.951612,6.629032,3.8064516,1.1129032,0.4032258,2.2258065,2.3709676,2057.0,1485.0,411.0,236.0,69.0,25.0,138.0,147.0
Cade Cunningham,DET,G,64.0,33.9375,23.921875,5.546875,9.90625,1.4375,0.84375,3.6875,3.0625,2172.0,1531.0,355.0,634.0,92.0,54.0,236.0,196.0
James Harden,CLE,G,70.0,34.82857,23.6,4.8,7.957143,1.1285714,0.4,3.5,1.9571428,2438.0,1652.0,336.0,557.0,79.0,28.0,245.0,137.0
Jalen Johnson,ATL,F,72.0,35.166668,22.51389,10.277778,7.861111,1.2361112,0.43055555,3.3888888,2.0972223,2532.0,1621.0,740.0,566.0,89.0,31.0,244.0,151.0
Paolo Banchero,ORL,F,72.0,34.75,22.208334,8.388889,5.1805553,0.7083333,0.5555556,3.0833333,2.0,2502.0,1599.0,604.0,373.0,51.0,40.0,222.0,144.0
Norman Powell,CHI,G,58.0,29.603449,21.741379,3.4827585,2.4655173,1.1034483,0.2413793,1.9137931,2.189655,1717.0,1261.0,202.0,143.0,64.0,14.0,111.0,127.0
Trey Murphy III,NO,F,66.0,35.469696,21.515152,5.712121,3.7878788,1.5,0.36363637,1.8181819,2.090909,2341.0,1420.0,377.0,250.0,99.0,24.0,120.0,138.0
Brandon Ingram,LAC,F,77.0,33.81818,21.493507,5.5844154,3.6883116,0.7532467,0.71428573,2.4285715,1.9220779,2604.0,1655.0,430.0,284.0,58.0,55.0,187.0,148.0
Julius Randle,BKN,F,79.0,33.037975,21.101265,6.734177,5.037975,1.0886075,0.2278481,2.7468355,2.822785,2610.0,1667.0,532.0,398.0,86.0,18.0,217.0,223.0
Cooper Flagg,DAL,F,70.0,33.485714,21.042856,6.6571426,4.5142856,1.2,0.9142857,2.3,2.0285714,2344.0,1473.0,466.0,316.0,84.0,64.0,161.0,142.0
Zion Williamson,NO,F,62.0,29.693548,21.0,5.693548,3.2096775,0.9677419,0.5483871,2.032258,2.2741935,1841.0,1302.0,353.0,199.0,60.0,34.0,126.0,141.0
LeBron James,PHI,F,60.0,33.15,20.933332,6.0666666,7.2,1.2,0.5833333,2.9833333,1.35,1989.0,1256.0,364.0,432.0,72.0,35.0,179.0,81.0
Nickeil Alexander-Walker,ATL,G,78.0,33.371796,20.820513,3.4358974,3.6666667,1.3076923,0.53846157,2.0769231,2.2179487,2603.0,1624.0,268.0,286.0,102.0,42.0,162.0,173.0
Alperen Sengun,HOU,C,72.0,33.305557,20.36111,8.888889,6.1805553,1.1805556,1.0694444,3.1527777,3.3055556,2398.0,1466.0,640.0,445.0,85.0,77.0,227.0,238.0
Brandon Miller,CHA,F,65.0,30.276922,20.169231,4.9076924,3.3384616,1.0153847,0.6769231,2.5076923,2.7692308,1968.0,1311.0,319.0,217.0,66.0,44.0,163.0,180.0
Bam Adebayo,MIA,C,73.0,32.39726,20.109589,10.027397,3.1780822,1.1780822,0.6712329,1.6438357,1.6712328,2365.0,1468.0,732.0,232.0,86.0,49.0,120.0,122.0
Desmond Bane,ORL,G,82.0,33.609756,20.085365,4.121951,4.121951,1.0487804,0.4512195,2.0,3.0731707,2756.0,1647.0,338.0,338.0,86.0,37.0,164.0,252.0
LaMelo Ball,MIN,G,72.0,28.01389,20.069445,4.8194447,7.138889,1.2083334,0.25,2.8055556,2.7083333,2017.0,1445.0,347.0,514.0,87.0,18.0,202.0,195.0
Karl-Anthony Towns,NY,C,75.0,30.96,20.053333,11.853333,3.0133333,0.8666667,0.53333336,2.4933333,3.4,2322.0,1504.0,889.0,226.0,65.0,40.0,187.0,255.0
Jalen Duren,DET,C,70.0,28.22857,19.5,10.528571,1.9714285,0.8142857,0.8428571,1.8571428,2.7857144,1976.0,1365.0,737.0,138.0,57.0,59.0,130.0,195.0
CJ McCollum,ATL,G,76.0,29.776316,18.736841,3.3157895,3.8552632,0.84210527,0.46052632,1.7763158,1.8947369,2263.0,1424.0,252.0,293.0,64.0,35.0,135.0,144.0
De'Aaron Fox,SA,G,72.0,30.98611,18.555555,3.75,6.1805553,1.2361112,0.2638889,2.2777777,2.25,2231.0,1336.0,270.0,445.0,89.0,19.0,164.0,162.0
Kon Knueppel,CHA,G,81.0,31.493828,18.493828,5.3333335,3.382716,0.7037037,0.2345679,1.9876543,2.0864198,2551.0,1498.0,432.0,274.0,57.0,19.0,161.0,169.0
DeMar DeRozan,DEN,G,77.0,31.246754,18.428572,2.935065,4.103896,1.038961,0.2987013,1.2467532,1.9350649,2406.0,1419.0,226.0,316.0,80.0,23.0,96.0,149.0
Amen Thompson,HOU,G,79.0,37.379745,18.265823,7.772152,5.316456,1.506329,0.6075949,2.4050634,2.21519,2953.0,1443.0,614.0,420.0,119.0,48.0,190.0,175.0
Evan Mobley,CLE,C,65.0,31.907692,18.153847,9.015385,3.6,0.73846155,1.7384615,1.8769231,2.4461539,2074.0,1180.0,586.0,234.0,48.0,113.0,122.0,159.0
Scottie Barnes,TOR,F,80.0,33.5125,18.1,7.5,5.925,1.425,1.45,2.625,2.6375,2681.0,1448.0,600.0,474.0,114.0,116.0,210.0,211.0
Saddiq Bey,NO,G,72.0,31.194445,17.652779,5.5555553,2.5277777,0.9444444,0.097222224,0.9444444,1.3194444,2246.0,1271.0,400.0,182.0,68.0,7.0,68.0,95.0
Ryan Rollins,MIL,G,74.0,32.094593,17.31081,4.5675673,5.5945945,1.4864864,0.4189189,2.7162163,2.608108,2375.0,1281.0,338.0,414.0,110.0,31.0,201.0,193.0
Chet Holmgren,OKC,C,69.0,28.942028,17.115942,8.898551,1.6666666,0.6231884,1.8985507,1.5507246,2.289855,1997.0,1181.0,614.0,115.0,43.0,131.0,107.0,158.0
Miles Bridges,PHX,F,77.0,31.0,17.064936,5.844156,3.1948051,0.5974026,0.44155845,1.3896104,1.7012987,2387.0,1314.0,450.0,246.0,46.0,34.0,107.0,131.0
Payton Pritchard,BOS,G,79.0,32.35443,17.025316,3.949367,5.164557,0.73417723,0.12658228,1.3797468,1.493671,2556.0,1345.0,312.0,408.0,58.0,10.0,109.0,118.0
OG Anunoby,NY,F,67.0,33.19403,16.686567,5.238806,2.164179,1.5522388,0.7164179,1.8358209,2.4477613,2224.0,1118.0,351.0,145.0,104.0,48.0,123.0,164.0
Stephon Castle,SA,G,68.0,29.970589,16.661764,5.3235292,7.382353,1.1470588,0.27941176,3.1911764,3.264706,2038.0,1133.0,362.0,502.0,78.0,19.0,217.0,222.0
Derrick White,BOS,G,77.0,34.090908,16.454546,4.4025974,5.376623,1.1428572,1.2727273,1.7402598,1.5454545,2625.0,1267.0,339.0,414.0,88.0,98.0,134.0,119.0
Immanuel Quickley,TOR,G,70.0,31.87143,16.428572,4.0285716,5.928571,1.3142858,0.071428575,1.4571428,2.0142858,2231.0,1150.0,282.0,415.0,92.0,5.0,102.0,141.0
Matas Buzelis,CHI,F,77.0,29.194805,16.25974,5.818182,2.051948,0.71428573,1.5064934,2.064935,2.2987013,2248.0,1252.0,448.0,158.0,55.0,116.0,159.0,177.0
VJ Edgecombe,PHI,G,75.0,34.97333,15.986667,5.64,4.2,1.4266666,0.52,1.8266667,2.8533332,2623.0,1199.0,423.0,315.0,107.0,39.0,137.0,214.0
Jabari Smith Jr.,HOU,F,77.0,35.12987,15.779221,6.87013,1.8571428,0.72727275,0.9220779,1.3636364,2.4935064,2705.0,1215.0,529.0,143.0,56.0,71.0,105.0,192.0
Collin Sexton,LAL,G,68.0,23.720589,15.441176,2.2794118,3.2794118,1.117647,0.14705883,2.0735295,2.1176472,1613.0,1050.0,155.0,223.0,76.0,10.0,141.0,144.0
Andrew Wiggins,MIA,F,68.0,30.338236,15.367647,4.8382354,2.6764705,1.117647,1.0147059,1.5147059,2.2941177,2063.0,1045.0,329.0,182.0,76.0,69.0,103.0,156.0
Jaime Jaquez Jr.,MIL,F,75.0,28.28,15.36,5.0,4.693333,0.68,0.28,2.0266666,1.8266667,2121.0,1152.0,375.0,352.0,51.0,21.0,152.0,137.0
Naji Marshall,DAL,F,74.0,29.513514,15.243243,4.7027025,3.2567568,1.1081082,0.08108108,1.6081082,1.9324324,2184.0,1128.0,348.0,241.0,82.0,6.0,119.0,143.0
Onyeka Okongwu,ATL,F,74.0,31.04054,15.175675,7.5945945,3.1216216,1.1081082,1.0675676,1.7162162,3.2837837,2297.0,1123.0,562.0,231.0,82.0,79.0,127.0,243.0
Russell Westbrook,SAC,G,64.0,28.953125,15.171875,5.4375,6.65625,1.296875,0.1875,3.265625,2.296875,1853.0,971.0,348.0,426.0,83.0,12.0,209.0,147.0
Nikola Vucevic,ORL,C,64.0,28.40625,15.078125,8.390625,3.328125,0.609375,0.640625,1.328125,1.984375,1818.0,965.0,537.0,213.0,39.0,41.0,85.0,127.0
Anthony Black,ORL,G,64.0,29.84375,14.984375,3.8125,3.6875,1.421875,0.703125,2.0625,2.65625,1910.0,959.0,244.0,236.0,91.0,45.0,132.0,170.0
Brice Sensabaugh,UTAH,F,75.0,23.493334,14.88,3.08,1.9066666,0.72,0.16,1.6533333,1.9066666,1762.0,1116.0,231.0,143.0,54.0,12.0,124.0,143.0
Jaden McDaniels,MIN,F,73.0,31.726027,14.849315,4.2465754,2.7260275,1.1095891,1.0,1.7945205,3.3424656,2316.0,1084.0,310.0,199.0,81.0,73.0,131.0,244.0
Ayo Dosunmu,MIN,G,69.0,27.26087,14.811594,3.4347825,3.6086957,0.8405797,0.26086956,1.3913044,1.884058,1881.0,1022.0,237.0,249.0,58.0,18.0,96.0,130.0
Mikal Bridges,NY,G,82.0,32.82927,14.402439,3.804878,3.707317,1.304878,0.75609756,1.0121951,1.9512196,2692.0,1181.0,312.0,304.0,107.0,62.0,83.0,160.0
Jeremiah Fears,NO,G,82.0,25.756098,14.256098,3.6585367,3.402439,1.1829268,0.36585367,2.1707318,1.8414634,2112.0,1169.0,300.0,279.0,97.0,30.0,178.0,151.0
Tre Jones,CHI,G,65.0,26.953846,14.061539,3.1384616,5.3846154,1.1692308,0.16923077,1.4153847,1.4461539,1752.0,914.0,204.0,350.0,76.0,11.0,92.0,94.0
Devin Vassell,SA,G,67.0,30.507463,13.910448,4.0149255,2.4925373,0.8507463,0.37313432,0.8955224,1.5820895,2044.0,932.0,269.0,167.0,57.0,25.0,60.0,106.0
Brandin Podziemski,GS,G,82.0,28.45122,13.817073,5.109756,3.707317,1.0731708,0.18292683,1.597561,1.6585366,2333.0,1133.0,419.0,304.0,88.0,15.0,131.0,136.0
Ace Bailey,UTAH,G,72.0,27.61111,13.791667,4.1944447,1.8194444,0.8333333,0.6805556,1.4861112,2.6805556,1988.0,993.0,302.0,131.0,60.0,49.0,107.0,193.0
Bobby Portis,MIA,F,67.0,24.164179,13.656716,6.3880596,1.5671642,0.6119403,0.17910448,0.98507464,1.641791,1619.0,915.0,428.0,105.0,41.0,12.0,66.0,110.0
Cedric Coward,MEM,F,62.0,25.774193,13.596774,5.870968,2.7580645,0.6451613,0.43548387,1.6935484,2.032258,1598.0,843.0,364.0,171.0,40.0,27.0,105.0,126.0
Naz Reid,CHA,C,77.0,26.064936,13.584415,6.194805,2.2077923,0.987013,1.012987,1.6363636,2.5324676,2007.0,1046.0,477.0,170.0,76.0,78.0,126.0,195.0
John Collins,DET,F,69.0,27.115942,13.550725,5.3188405,1.0144928,0.8695652,0.73913044,1.3768116,2.710145,1871.0,935.0,367.0,70.0,60.0,51.0,95.0,187.0
Reed Sheppard,HOU,G,82.0,26.182926,13.536586,2.902439,3.378049,1.4878049,0.6585366,1.5,2.0243902,2147.0,1110.0,238.0,277.0,122.0,54.0,123.0,166.0
Tim Hardaway Jr.,MIA,G,80.0,26.5875,13.4875,2.575,1.35,0.525,0.125,0.5375,1.25,2127.0,1079.0,206.0,108.0,42.0,10.0,43.0,100.0
Toumani Camara,POR,F,82.0,33.30488,13.414634,5.134146,2.4512196,1.1463414,0.42682928,1.7560976,2.890244,2731.0,1100.0,421.0,201.0,94.0,35.0,144.0,237.0
Quentin Grimes,LAL,G,75.0,29.413334,13.413333,3.64,3.2533333,0.85333335,0.37333333,1.7733333,2.0666666,2206.0,1006.0,273.0,244.0,64.0,28.0,133.0,155.0
Tobias Harris,SA,F,63.0,27.698412,13.269841,5.126984,2.4920635,0.9206349,0.41269842,1.0,1.6984127,1745.0,836.0,323.0,157.0,58.0,26.0,63.0,107.0
Jaylon Tyson,CLE,G,66.0,26.924242,13.212121,5.121212,2.2272727,0.8181818,0.42424244,1.5,2.4848485,1777.0,872.0,338.0,147.0,54.0,28.0,99.0,164.0
Keldon Johnson,SA,F,82.0,23.304878,13.182927,5.365854,1.3536586,0.5609756,0.13414635,0.85365856,1.9756098,1911.0,1081.0,440.0,111.0,46.0,11.0,70.0,162.0
Brandon Williams,DAL,G,66.0,22.166666,13.015152,2.8939395,3.878788,0.93939394,0.3030303,1.8939394,1.560606,1463.0,859.0,191.0,256.0,62.0,20.0,125.0,103.0
Kyle Kuzma,MIL,F,69.0,26.173914,12.985507,4.536232,2.6666667,0.6666667,0.4057971,1.7246376,1.942029,1806.0,896.0,313.0,184.0,46.0,28.0,119.0,134.0
Collin Gillespie,PHX,G,80.0,28.525,12.65,4.0875,4.6375,1.2375,0.2,1.5625,1.625,2282.0,1012.0,327.0,371.0,99.0,16.0,125.0,130.0
Jaylen Wells,MEM,F,69.0,26.391304,12.536232,3.1884058,1.6086956,0.884058,0.13043478,1.0724638,2.1449275,1821.0,865.0,220.0,111.0,61.0,9.0,74.0,148.0
Maxime Raynaud,SAC,C,74.0,26.54054,12.459459,7.5135136,1.3513514,0.5135135,0.527027,1.2702702,2.2972972,1964.0,922.0,556.0,100.0,38.0,39.0,94.0,170.0
Deandre Ayton,WSH,C,72.0,27.194445,12.458333,7.986111,0.8194444,0.5694444,0.9722222,1.1527778,2.1805556,1958.0,897.0,575.0,59.0,41.0,70.0,83.0,157.0
Malik Monk,SAC,G,62.0,22.0,12.451612,1.8870968,2.983871,0.5967742,0.38709676,1.467742,1.5967742,1364.0,772.0,117.0,185.0,37.0,24.0,91.0,99.0
Max Christie,DAL,G,77.0,29.142857,12.272727,3.2337663,1.961039,0.6103896,0.35064936,1.2467532,1.2727273,2244.0,945.0,249.0,151.0,47.0,27.0,96.0,98.0
Noah Clowney,BKN,F,66.0,26.969696,12.257576,4.1363635,1.6363636,0.75757575,0.6818182,1.5454545,2.5454545,1780.0,809.0,273.0,108.0,50.0,45.0,102.0,168.0
Tre Johnson,WSH,G,60.0,24.05,12.216666,2.8333333,2.0333333,0.55,0.3,1.55,2.0333333,1443.0,733.0,170.0,122.0,33.0,18.0,93.0,122.0
Donte DiVincenzo,MIN,G,82.0,30.414635,12.195122,4.097561,3.817073,1.2682927,0.41463414,1.4390244,2.402439,2494.0,1000.0,336.0,313.0,104.0,34.0,118.0,197.0
Duncan Robinson,DET,F,77.0,27.441559,12.194805,2.6623378,2.064935,0.5714286,0.2857143,0.7012987,2.1818182,2113.0,939.0,205.0,159.0,44.0,22.0,54.0,168.0
Moses Moody,GS,G,60.0,25.666666,12.133333,3.3333333,1.6333333,0.96666664,0.56666666,0.95,2.0333333,1540.0,728.0,200.0,98.0,58.0,34.0,57.0,122.0
Donovan Clingan,POR,C,77.0,27.194805,12.12987,11.584415,2.1038961,0.5714286,1.6883117,1.2337662,2.3636363,2094.0,934.0,892.0,162.0,44.0,130.0,95.0,182.0
Josh Hart,NY,G,66.0,30.212122,12.0,7.3636365,4.8030305,1.1363636,0.25757575,1.939394,2.5,1994.0,792.0,486.0,317.0,75.0,17.0,128.0,165.0
Myles Turner,MIL,C,71.0,26.929577,11.915493,5.3239436,1.4507042,0.70422536,1.6197183,1.1690141,2.6056337,1912.0,846.0,378.0,103.0,50.0,115.0,83.0,185.0
Dyson Daniels,ATL,G,76.0,33.157894,11.855263,6.8421054,5.9078946,1.9605263,0.40789473,1.7763158,2.1842105,2520.0,901.0,520.0,449.0,149.0,31.0,135.0,166.0
Wendell Carter Jr.,ORL,C,78.0,29.333334,11.820513,7.3974357,1.9743589,0.7692308,0.6282051,1.2820513,3.4230769,2288.0,922.0,577.0,154.0,60.0,49.0,100.0,267.0
Dylan Harper,SA,G,69.0,22.57971,11.782609,3.3913043,3.8550725,0.7826087,0.3478261,1.4347826,2.0144928,1558.0,813.0,234.0,266.0,54.0,24.0,99.0,139.0
Klay Thompson,MIA,G,69.0,21.695652,11.73913,2.0724638,1.3913044,0.47826087,0.3188406,0.9130435,1.0144928,1497.0,810.0,143.0,96.0,33.0,22.0,63.0,70.0
Nic Claxton,CHI,C,69.0,27.826086,11.73913,6.927536,3.6666667,0.65217394,1.115942,1.3913044,2.289855,1920.0,810.0,478.0,253.0,45.0,77.0,96.0,158.0
Derik Queen,NO,C,81.0,24.97531,11.703704,7.0617285,3.6790123,1.037037,0.91358024,2.345679,2.654321,2023.0,948.0,572.0,298.0,84.0,74.0,190.0,215.0
Mark Williams,PHX,C,60.0,23.6,11.666667,7.95,0.96666664,0.9166667,0.9166667,1.0833334,2.2,1416.0,700.0,477.0,58.0,55.0,55.0,65.0,132.0
Isaiah Collier,UTAH,G,59.0,25.711864,11.661017,2.542373,7.1694913,1.1186441,0.33898306,2.5084746,2.338983,1517.0,688.0,150.0,423.0,66.0,20.0,148.0,138.0
Jarace Walker,IND,F,76.0,25.697369,11.631579,5.144737,2.5263157,0.82894737,0.34210527,1.8289474,1.6315789,1953.0,884.0,391.0,192.0,63.0,26.0,139.0,124.0
Rui Hachimura,LAC,F,68.0,28.338236,11.470589,3.3235295,0.8382353,0.5735294,0.30882353,0.61764705,1.617647,1927.0,780.0,226.0,57.0,39.0,21.0,42.0,110.0
Pelle Larsson,MIA,G,70.0,26.414286,11.428572,3.4857142,3.3714285,0.7,0.22857143,1.4428571,2.1142857,1849.0,800.0,244.0,236.0,49.0,16.0,101.0,148.0
Kyle Filipowski,UTAH,F,77.0,23.38961,11.415585,7.1688313,2.5714285,0.9480519,0.5064935,1.6233766,3.012987,1801.0,879.0,552.0,198.0,73.0,39.0,125.0,232.0
Sandro Mamukelashvili,LAL,F,80.0,21.8875,11.1625,4.9375,1.8875,0.8,0.5125,0.8375,1.8375,1751.0,893.0,395.0,151.0,64.0,41.0,67.0,147.0
Julian Champagnie,SA,F,82.0,27.634146,11.109756,5.768293,1.5487804,0.75609756,0.46341464,0.8414634,1.597561,2266.0,911.0,473.0,127.0,62.0,38.0,69.0,131.0
Cam Spencer,MEM,G,72.0,23.805555,11.083333,2.5416667,5.5555553,0.7222222,0.15277778,1.2916666,1.4305556,1714.0,798.0,183.0,400.0,52.0,11.0,93.0,103.0
Isaiah Joe,DET,G,71.0,21.225351,11.056338,2.5492957,1.3239436,0.70422536,0.15492958,0.63380283,1.7042253,1507.0,785.0,181.0,94.0,50.0,11.0,45.0,121.0
Kel'el Ware,MIL,C,77.0,22.12987,11.051948,9.012987,0.72727275,0.76623374,1.0909091,0.8051948,1.5454545,1704.0,851.0,694.0,56.0,59.0,84.0,62.0,119.0
Rudy Gobert,MIN,C,76.0,31.31579,10.907895,11.473684,1.6842105,0.7631579,1.6315789,1.3947369,2.618421,2380.0,829.0,872.0,128.0,58.0,124.0,106.0,199.0
Dennis Schroder,CHA,G,70.0,24.22857,10.8,2.7142856,4.8714285,0.78571427,0.15714286,1.7714286,1.5571429,1696.0,756.0,190.0,341.0,55.0,11.0,124.0,109.0
Bub Carrington,WSH,G,82.0,27.695122,10.707317,3.3658535,4.6463413,0.63414633,0.20731707,2.3292682,2.2439024,2271.0,878.0,276.0,381.0,52.0,17.0,191.0,184.0
Jock Landale,ATL,C,68.0,22.147058,10.558824,5.6911764,1.6911764,0.5147059,0.5294118,0.88235295,2.2058823,1506.0,718.0,387.0,115.0,35.0,36.0,60.0,150.0
Marvin Bagley III,DEN,F,60.0,20.016666,10.45,6.1,1.4166666,0.46666667,0.71666664,1.0166667,2.05,1201.0,627.0,366.0,85.0,28.0,43.0,61.0,123.0
Tari Eason,HOU,F,60.0,25.816668,10.45,6.266667,1.5,1.2,0.46666667,1.35,2.3,1549.0,627.0,376.0,90.0,72.0,28.0,81.0,138.0
AJ Green,MIL,G,78.0,29.102564,10.371795,2.7307692,1.948718,0.5,0.102564104,0.96153843,2.2948718,2270.0,809.0,213.0,152.0,39.0,8.0,75.0,179.0
Will Riley,WSH,G,74.0,22.054054,10.324325,2.8648648,1.972973,0.7297297,0.12162162,1.2702702,1.2297298,1632.0,764.0,212.0,146.0,54.0,9.0,94.0,91.0
Neemias Queta,BOS,C,76.0,25.342106,10.210526,8.368421,1.6578947,0.7894737,1.3157895,0.9868421,2.8421052,1926.0,776.0,636.0,126.0,60.0,100.0,75.0,216.0
Khris Middleton,WSH,F,63.0,22.84127,10.1587305,3.6666667,2.7936509,0.6507937,0.14285715,1.7142857,2.2857144,1439.0,640.0,231.0,176.0,41.0,9.0,108.0,144.0
Precious Achiuwa,SAC,PF,73.0,23.90411,10.082191,6.739726,1.3835616,0.89041096,0.6849315,0.89041096,1.6849315,1745.0,736.0,492.0,101.0,65.0,50.0,65.0,123.0
Kevin Huerter,DET,G,69.0,22.449276,10.043478,3.4782608,2.5797102,0.9130435,0.47826087,1.0434783,1.6666666,1549.0,693.0,240.0,178.0,63.0,33.0,72.0,115.0
Isaiah Stewart,MEM,F,58.0,22.706896,10.0172415,5.0,1.137931,0.27586207,1.6034483,1.1551725,2.862069,1317.0,581.0,290.0,66.0,16.0,93.0,67.0,166.0
Jordan Miller,LAC,G,60.0,22.083334,9.966666,3.0333333,2.2666667,0.75,0.18333334,1.05,1.0333333,1325.0,598.0,182.0,136.0,45.0,11.0,63.0,62.0
Harrison Barnes,SA,F,77.0,25.792208,9.935065,2.7662337,1.9220779,0.64935064,0.15584415,0.7922078,1.1038961,1986.0,765.0,213.0,148.0,50.0,12.0,61.0,85.0
Tristan da Silva,ORL,F,77.0,24.662338,9.896104,3.6883116,1.6103896,0.8831169,0.32467532,0.8961039,1.5194805,1899.0,762.0,284.0,124.0,68.0,25.0,69.0,117.0
Ausar Thompson,DET,G,73.0,25.972603,9.876713,5.7260275,3.1232877,2.0,0.94520545,1.5068493,2.7123287,1896.0,721.0,418.0,228.0,146.0,69.0,110.0,198.0
Royce O'Neale,CHA,F,78.0,28.371796,9.807693,4.769231,2.6666667,1.0769231,0.41025642,1.3205128,2.2692308,2213.0,765.0,372.0,208.0,84.0,32.0,103.0,177.0
Zaccharie Risacher,DAL,F,67.0,22.432837,9.567164,3.835821,1.1343284,0.880597,0.53731346,0.86567163,2.1940298,1503.0,641.0,257.0,76.0,59.0,36.0,58.0,147.0
Jay Huff,IND,C,82.0,20.963415,9.54878,3.9512196,1.4756098,0.5,1.8658537,0.9268293,2.390244,1719.0,783.0,324.0,121.0,41.0,153.0,76.0,196.0
Aaron Wiggins,ATL,G,65.0,21.753845,9.4,3.0615385,1.676923,0.9230769,0.43076923,1.2461538,1.2769231,1414.0,611.0,199.0,109.0,60.0,28.0,81.0,83.0
Davion Mitchell,MIA,G,70.0,28.571428,9.342857,2.6714287,6.4714284,0.9714286,0.15714286,1.5428572,2.5857143,2000.0,654.0,187.0,453.0,68.0,11.0,108.0,181.0
Marcus Smart,HOU,G,62.0,28.532259,9.33871,2.7741935,2.983871,1.4032258,0.37096775,1.483871,2.612903,1769.0,579.0,172.0,185.0,87.0,23.0,92.0,162.0
Daniss Jenkins,DET,G,72.0,20.208334,9.319445,2.3055556,3.8611112,0.8888889,0.20833333,1.5972222,1.4861112,1455.0,671.0,166.0,278.0,64.0,15.0,115.0,107.0
Isaac Okoro,CHI,F,63.0,26.904762,9.269841,2.7460318,1.5873016,0.73015875,0.46031746,0.73015875,2.5714285,1695.0,584.0,173.0,100.0,46.0,29.0,46.0,162.0
Sam Hauser,BOS,F,78.0,24.794872,9.217949,3.8461537,1.4615384,0.4871795,0.2948718,0.44871795,1.448718,1934.0,719.0,300.0,114.0,38.0,23.0,35.0,113.0
Gui Santos,GS,F,68.0,20.514706,9.191176,3.9117646,2.3382354,0.89705884,0.32352942,1.5,2.0882354,1395.0,625.0,266.0,159.0,61.0,22.0,102.0,142.0
Corey Kispert,ATL,F,58.0,18.62069,9.172414,2.275862,1.5862069,0.27586207,0.15517241,0.7758621,1.0344827,1080.0,532.0,132.0,92.0,16.0,9.0,45.0,60.0
Cody Williams,MIN,F,67.0,24.343283,8.776119,2.9552238,2.0447762,0.76119405,0.3880597,1.0895523,1.8208956,1631.0,588.0,198.0,137.0,51.0,26.0,73.0,122.0
Jonas Valanciunas,DEN,C,65.0,13.4,8.723077,5.0615387,1.2,0.21538462,0.5692308,1.1230769,2.0461538,871.0,567.0,329.0,78.0,14.0,37.0,73.0,133.0
Day'Ron Sharpe,BKN,C,62.0,18.709677,8.709678,6.66129,2.3387096,1.0806452,0.41935483,1.7096775,2.3709676,1160.0,540.0,413.0,145.0,67.0,26.0,106.0,147.0
Jordan Goodwin,PHX,G,70.0,22.457144,8.7,4.8714285,2.1571429,1.5142857,0.2,0.9714286,1.9,1572.0,609.0,341.0,151.0,106.0,14.0,68.0,133.0
Justin Champagnie,WSH,F,69.0,19.956522,8.652174,5.5652175,1.2173913,0.85507244,0.6231884,0.65217394,1.6521739,1377.0,597.0,384.0,84.0,59.0,43.0,45.0,114.0
Jordan Clarkson,NY,G,72.0,17.76389,8.638889,1.7638888,1.3333334,0.41666666,0.125,0.875,1.7083334,1279.0,622.0,127.0,96.0,30.0,9.0,63.0,123.0
Nique Clifford,SAC,G,75.0,25.093334,8.6,3.76,2.3866668,0.9066667,0.32,1.5466666,2.08,1882.0,645.0,282.0,179.0,68.0,24.0,116.0,156.0
Cason Wallace,OKC,G,77.0,26.571428,8.571428,3.090909,2.5974026,1.9480519,0.36363637,0.9480519,2.0,2046.0,660.0,238.0,200.0,150.0,28.0,73.0,154.0
Simone Fontecchio,MIA,F,70.0,16.742857,8.528571,3.0142858,1.4428571,0.5285714,0.12857144,0.7,1.4857143,1172.0,597.0,211.0,101.0,37.0,9.0,49.0,104.0
Bones Hyland,MIN,G,71.0,16.577465,8.507042,1.7887324,2.6478872,0.6197183,0.23943663,0.9859155,1.6901408,1177.0,604.0,127.0,188.0,44.0,17.0,70.0,120.0
Vit Krejci,POR,G,65.0,21.415384,8.461538,2.2769232,1.5384616,0.72307694,0.2769231,0.63076925,2.123077,1392.0,550.0,148.0,100.0,47.0,18.0,41.0,138.0
Brook Lopez,LAC,C,75.0,21.8,8.453333,3.64,1.2933333,0.6,1.16,0.81333333,2.0533333,1635.0,634.0,273.0,97.0,45.0,87.0,61.0,154.0
Draymond Green,GS,F,68.0,27.485294,8.382353,5.5147057,5.529412,0.89705884,0.61764705,2.6617646,2.8970587,1869.0,570.0,375.0,376.0,61.0,42.0,181.0,197.0
Luke Kennard,PHX,G,78.0,21.538462,8.358974,2.3333333,2.2307692,0.7051282,0.102564104,0.7692308,1.2948718,1680.0,652.0,182.0,174.0,55.0,8.0,60.0,101.0
Luguentz Dort,ATL,G,69.0,26.797102,8.347826,3.5507247,1.231884,0.89855075,0.39130434,0.7826087,2.594203,1849.0,576.0,245.0,85.0,62.0,27.0,54.0,179.0
Jared McCain,OKC,G,67.0,17.313433,8.328359,2.0447762,1.3432835,0.52238804,0.07462686,0.8358209,1.2089552,1160.0,558.0,137.0,90.0,35.0,5.0,56.0,81.0
Jake LaRavia,LAL,F,82.0,25.134146,8.219512,3.9756098,1.7682927,1.2682927,0.46341464,1.0609756,2.390244,2061.0,674.0,326.0,145.0,104.0,38.0,87.0,196.0
Ronald Holland II,DET,F,78.0,19.871796,8.205129,4.0384617,1.2179487,1.1794872,0.34615386,1.2307693,2.3461537,1550.0,640.0,315.0,95.0,92.0,27.0,96.0,183.0
Gary Trent Jr.,MIL,G,65.0,21.184616,8.138461,1.0307692,1.2153846,0.52307695,0.046153847,0.63076925,1.3076923,1377.0,529.0,67.0,79.0,34.0,3.0,41.0,85.0
Luka Garza,BOS,C,69.0,16.202898,8.072464,4.072464,0.95652175,0.39130434,0.4057971,0.6666667,2.3333333,1118.0,557.0,281.0,66.0,27.0,28.0,46.0,161.0
Bruce Brown,DEN,G,82.0,24.365854,7.914634,3.878049,2.121951,1.0365853,0.24390244,1.1097561,2.378049,1998.0,649.0,318.0,174.0,85.0,20.0,91.0,195.0
Moussa Diabate,CHA,F,73.0,26.013699,7.8767123,8.69863,1.9315069,0.7671233,0.98630136,1.0,2.410959,1899.0,575.0,635.0,141.0,56.0,72.0,73.0,176.0
Walter Clayton Jr.,MEM,G,69.0,20.449276,7.7971015,2.0144928,4.0434785,0.6376812,0.2753623,1.6811594,1.7246376,1411.0,538.0,139.0,279.0,44.0,19.0,116.0,119.0
Paul Reed,DET,F,65.0,13.861539,7.753846,4.523077,1.2307693,0.8769231,0.9230769,0.8923077,1.8461539,901.0,504.0,294.0,80.0,57.0,60.0,58.0,120.0
Dominick Barlow,PHI,F,71.0,23.788733,7.6760564,4.7887325,1.2253522,0.8873239,0.74647886,0.7887324,2.1126761,1689.0,545.0,340.0,87.0,63.0,53.0,56.0,150.0
Quinten Post,MEM,C,67.0,17.298508,7.6567163,4.0149255,1.4029851,0.3880597,0.52238804,0.8358209,1.8656716,1159.0,513.0,269.0,94.0,26.0,35.0,56.0,125.0
Ryan Kalkbrenner,CHA,C,69.0,21.434782,7.5507245,5.463768,0.7826087,0.46376812,1.4637681,0.89855075,1.5507246,1479.0,521.0,377.0,54.0,32.0,101.0,62.0,107.0
Jaxson Hayes,UTAH,C,66.0,18.287878,7.530303,4.1060605,0.8939394,0.43939394,0.7878788,0.46969697,1.9242424,1207.0,497.0,271.0,59.0,29.0,52.0,31.0,127.0
Ja'Kobe Walter,TOR,G,72.0,20.472221,7.513889,2.5694444,1.1944444,1.0138888,0.19444445,0.5138889,2.25,1474.0,541.0,185.0,86.0,73.0,14.0,37.0,162.0
Gary Payton II,GS,G,73.0,15.643836,7.4931507,3.630137,1.6849315,0.91780823,0.28767124,0.84931505,1.8082192,1142.0,547.0,265.0,123.0,67.0,21.0,62.0,132.0
Taylor Hendricks,MEM,F,59.0,18.949152,7.423729,3.7457628,0.9322034,0.84745765,0.5084746,0.84745765,1.6779661,1118.0,438.0,221.0,55.0,50.0,30.0,50.0,99.0
Jose Alvarado,NY,G,69.0,19.855072,7.3913045,2.4782608,3.3913043,0.95652175,0.11594203,1.115942,1.8695652,1370.0,510.0,171.0,234.0,66.0,8.0,77.0,129.0
Caris LeVert,MIL,G,60.0,19.233334,7.383333,1.95,2.65,0.85,0.68333334,1.3666667,1.5166667,1154.0,443.0,117.0,159.0,51.0,41.0,82.0,91.0
Kobe Sanders,LAC,G,68.0,19.867647,7.279412,2.25,1.6029412,0.7205882,0.14705883,1.1911764,2.1470587,1351.0,495.0,153.0,109.0,49.0,10.0,81.0,146.0
Kris Dunn,LAC,G,82.0,27.195122,7.268293,3.304878,3.597561,1.597561,0.17073171,1.3536586,2.304878,2230.0,596.0,271.0,295.0,131.0,14.0,111.0,189.0
Terance Mann,BKN,G,63.0,24.269842,7.2222223,3.1746032,3.015873,0.6507937,0.23809524,1.1269841,2.4603174,1529.0,455.0,200.0,190.0,41.0,15.0,71.0,155.0
Jaylin Williams,OKC,F,65.0,19.646154,7.2153845,5.5076923,2.4307692,0.47692308,0.64615387,1.0307692,1.9538461,1277.0,469.0,358.0,158.0,31.0,42.0,67.0,127.0
Pat Spencer,PHX,G,66.0,18.621212,7.212121,2.3939395,3.5151515,0.72727275,0.07575758,1.2878788,1.1363636,1229.0,476.0,158.0,232.0,48.0,5.0,85.0,75.0
Ben Sheppard,IND,G,65.0,21.384615,7.0615387,3.0,1.7538462,0.6,0.092307694,0.63076925,1.7538462,1390.0,459.0,195.0,114.0,39.0,6.0,41.0,114.0
Patrick Williams,CHI,F,72.0,20.472221,7.013889,2.9861112,1.4583334,0.6805556,0.3611111,1.0416666,1.2916666,1474.0,505.0,215.0,105.0,49.0,26.0,75.0,93.0
Javonte Green,DET,G,82.0,17.634146,6.9390244,2.804878,0.68292683,1.2439024,0.30487806,0.5487805,1.304878,1446.0,569.0,230.0,56.0,102.0,25.0,45.0,107.0
Robert Williams III,POR,C,59.0,17.084745,6.7288136,7.0338984,1.0169492,0.59322035,1.4745762,0.8305085,1.2542373,1008.0,397.0,415.0,60.0,35.0,87.0,49.0,74.0
Keon Ellis,BKN,G,72.0,20.541666,6.6666665,1.875,1.0,1.1527778,0.6388889,0.5694444,1.8611112,1479.0,480.0,135.0,72.0,83.0,46.0,41.0,134.0
Jamal Shead,TOR,G,82.0,22.585365,6.6463413,1.7439024,5.414634,0.9268293,0.18292683,1.3658537,1.9756098,1852.0,545.0,143.0,444.0,76.0,15.0,112.0,162.0
Ryan Nembhard,ATL,G,60.0,19.516666,6.616667,2.2166667,5.266667,0.41666666,0.033333335,1.4166666,1.4333333,1171.0,397.0,133.0,316.0,25.0,2.0,85.0,86.0
Luke Kornet,SA,C,68.0,21.029411,6.529412,6.0882354,1.8529412,0.47058824,0.9558824,0.4117647,1.7647059,1430.0,444.0,414.0,126.0,32.0,65.0,28.0,120.0
Drake Powell,BKN,G,63.0,20.952381,6.4761906,1.7619047,1.4444444,0.5714286,0.22222222,0.95238096,1.4126984,1320.0,408.0,111.0,91.0,36.0,14.0,60.0,89.0
Oso Ighodaro,PHX,F,82.0,22.04878,6.47561,5.097561,2.2560976,0.8902439,0.69512194,1.2317073,2.6585367,1808.0,531.0,418.0,185.0,73.0,57.0,101.0,218.0
Andre Drummond,NY,C,63.0,19.539682,6.3968253,8.444445,1.2698413,0.6031746,0.7777778,0.96825397,1.9841269,1231.0,403.0,532.0,80.0,38.0,49.0,61.0,125.0
Will Richard,GS,G,69.0,19.956522,6.3913045,2.4927535,1.3478261,1.1594203,0.13043478,0.76811594,1.8985507,1377.0,441.0,172.0,93.0,80.0,9.0,53.0,131.0
Rob Dillingham,CHI,G,65.0,14.923077,6.292308,2.0153847,2.2,0.72307694,0.092307694,1.5384616,1.7538462,970.0,409.0,131.0,143.0,47.0,6.0,100.0,114.0
Thomas Bryant,CLE,C,60.0,12.2,6.1666665,3.4166667,0.55,0.3,0.43333334,0.46666667,1.25,732.0,370.0,205.0,33.0,18.0,26.0,28.0,75.0
Justin Edwards,PHI,F,64.0,15.265625,6.03125,1.46875,1.25,0.84375,0.171875,0.5625,1.421875,977.0,386.0,94.0,80.0,54.0,11.0,36.0,91.0
Gradey Dick,LAC,G,76.0,14.039474,5.986842,1.9342105,0.67105263,0.59210527,0.09210526,0.55263156,1.3289474,1067.0,455.0,147.0,51.0,45.0,7.0,42.0,101.0
Goga Bitadze,ORL,C,64.0,15.1875,5.859375,5.0,1.3125,0.578125,0.953125,0.671875,2.125,972.0,375.0,320.0,84.0,37.0,61.0,43.0,136.0
Nae'Qwan Tomlin,CLE,F,64.0,15.6875,5.84375,2.90625,0.828125,0.640625,0.53125,0.453125,1.953125,1004.0,374.0,186.0,53.0,41.0,34.0,29.0,125.0
Ryan Dunn,PHX,F,70.0,19.357143,5.8142858,4.242857,1.4571428,0.85714287,0.41428572,0.8,1.8571428,1355.0,407.0,297.0,102.0,60.0,29.0,56.0,130.0
Dean Wade,PHI,F,59.0,22.338984,5.7966104,4.1864405,1.4915254,0.7457627,0.3898305,0.27118644,1.5254238,1318.0,342.0,247.0,88.0,44.0,23.0,16.0,90.0
Kobe Brown,IND,G,61.0,15.770492,5.7868853,3.0327868,1.3114754,0.37704918,0.19672132,0.86885244,1.1311475,962.0,353.0,185.0,80.0,23.0,12.0,53.0,69.0
Yves Missi,NO,C,66.0,19.651516,5.712121,5.8333335,1.2727273,0.3030303,1.530303,0.8181818,1.7121212,1297.0,377.0,385.0,84.0,20.0,101.0,54.0,113.0
Karlo Matkovic,NO,F,62.0,14.709678,5.677419,3.6935484,0.8064516,0.4032258,0.87096775,0.5483871,1.6935484,912.0,352.0,229.0,50.0,25.0,54.0,34.0,105.0
Mitchell Robinson,BOS,C,60.0,19.583334,5.6666665,8.75,0.8666667,0.93333334,1.1666666,0.68333334,2.1166666,1175.0,340.0,525.0,52.0,56.0,70.0,41.0,127.0
Dru Smith,MIA,G,70.0,16.3,5.642857,2.4714286,2.5714285,1.4285715,0.3,0.78571427,1.5571429,1141.0,395.0,173.0,180.0,100.0,21.0,55.0,109.0
Guerschon Yabusele,CHI,F,67.0,15.029851,5.567164,3.4925373,0.9402985,0.3880597,0.23880596,0.6119403,1.2089552,1007.0,373.0,234.0,63.0,26.0,16.0,41.0,81.0
Baylor Scheierman,BOS,G,77.0,18.558441,5.5454545,3.4935064,1.5064934,0.54545456,0.077922076,0.5974026,1.4025974,1429.0,427.0,269.0,116.0,42.0,6.0,46.0,108.0
Spencer Jones,DEN,F,64.0,22.140625,5.5,3.265625,0.796875,0.8125,0.453125,0.484375,2.734375,1417.0,352.0,209.0,51.0,52.0,29.0,31.0,175.0
Sion James,CHA,G,82.0,22.475609,5.378049,3.5,1.9878049,0.63414633,0.24390244,0.79268295,1.804878,1843.0,441.0,287.0,163.0,52.0,20.0,65.0,148.0
Jordan Walsh,BOS,G,68.0,17.82353,5.352941,4.0,0.7941176,0.7205882,0.45588234,0.5147059,2.014706,1212.0,364.0,272.0,54.0,49.0,31.0,35.0,137.0
Rayan Rupert,PHI,G,64.0,16.765625,5.1875,2.9375,1.0625,0.859375,0.140625,0.859375,1.9375,1073.0,332.0,188.0,68.0,55.0,9.0,55.0,124.0
Sidy Cissoko,POR,G,75.0,19.133333,5.1066666,2.2133334,1.4666667,0.6933333,0.33333334,0.93333334,2.44,1435.0,383.0,166.0,110.0,52.0,25.0,70.0,183.0
Ochai Agbaji,BKN,G,62.0,15.693548,5.064516,2.2741935,0.7580645,0.38709676,0.27419356,0.5,1.5,973.0,314.0,141.0,47.0,24.0,17.0,31.0,93.0
Jericho Sims,MIL,C,67.0,19.671642,4.9850745,5.522388,1.5522388,0.2835821,0.25373134,1.119403,2.1791046,1318.0,334.0,370.0,104.0,19.0,17.0,75.0,146.0
Adem Bona,PHI,C,71.0,17.380281,4.8450704,4.3239436,0.45070422,0.4225352,1.1549295,0.7887324,2.1549296,1234.0,344.0,307.0,32.0,30.0,82.0,56.0,153.0
Josh Okogie,UTAH,G,78.0,17.358974,4.525641,2.5641026,0.88461536,0.8076923,0.20512821,0.525641,1.3717948,1354.0,353.0,200.0,69.0,63.0,16.0,41.0,107.0
Craig Porter Jr.,CLE,G,64.0,17.9375,4.515625,3.4375,3.203125,0.890625,0.59375,0.921875,1.09375,1148.0,289.0,220.0,205.0,57.0,38.0,59.0,70.0
Mouhamed Gueye,ATL,F,77.0,15.311688,4.4415584,3.5714285,0.8961039,0.7922078,0.5064935,0.42857143,1.6493506,1179.0,342.0,275.0,69.0,61.0,39.0,33.0,127.0
Jarred Vanderbilt,LAL,F,65.0,17.353846,4.4307694,4.4923077,1.2923077,0.84615386,0.2923077,0.86153847,1.6,1128.0,288.0,292.0,84.0,55.0,19.0,56.0,104.0
Tyler Kolek,NY,G,62.0,11.725806,4.419355,1.5806452,2.7419355,0.3548387,0.06451613,0.88709676,1.048387,727.0,274.0,98.0,170.0,22.0,4.0,55.0,65.0
Jabari Walker,PHI,F,64.0,11.90625,4.3125,3.0,0.53125,0.359375,0.203125,0.421875,1.609375,762.0,276.0,192.0,34.0,23.0,13.0,27.0,103.0
Micah Peavy,MEM,G,61.0,14.967213,4.295082,1.9180328,1.0,0.704918,0.14754099,0.32786885,1.5737705,913.0,262.0,117.0,61.0,43.0,9.0,20.0,96.0
Josh Green,UTAH,G,58.0,15.655172,4.293103,1.7586207,0.8103448,0.6034483,0.10344828,0.6034483,1.1034483,908.0,249.0,102.0,47.0,35.0,6.0,35.0,64.0
Carter Bryant,SA,F,71.0,11.521127,4.197183,2.5070422,0.6619718,0.22535211,0.32394367,0.46478873,1.3239436,818.0,298.0,178.0,47.0,16.0,23.0,33.0,94.0
Jaylen Clark,MIN,G,68.0,13.058824,4.0441175,1.7647059,0.63235295,0.6911765,0.13235295,0.3382353,1.2794118,888.0,275.0,120.0,43.0,47.0,9.0,23.0,87.0
Nicolas Batum,LAC,F,74.0,17.5,3.9594595,2.4864864,0.8648649,0.6351351,0.3108108,0.5,1.3513514,1295.0,293.0,184.0,64.0,47.0,23.0,37.0,100.0
Caleb Martin,DAL,F,58.0,14.75862,3.913793,2.4655173,1.3965517,0.6896552,0.25862068,0.6896552,1.4827586,856.0,227.0,143.0,81.0,40.0,15.0,40.0,86.0
Hugo Gonzalez,BOS,G,74.0,14.648648,3.9054055,3.3243244,0.5405405,0.5675676,0.2837838,0.5135135,1.6756756,1084.0,289.0,246.0,40.0,42.0,21.0,38.0,124.0
Noah Penda,ORL,F,59.0,12.830508,3.8474576,3.1694915,1.1864407,0.5084746,0.30508474,0.7118644,1.1864407,757.0,227.0,187.0,70.0,30.0,18.0,42.0,70.0
Clint Capela,HOU,C,75.0,12.346666,3.76,4.6,0.6666667,0.48,0.84,0.5466667,0.9866667,926.0,282.0,345.0,50.0,36.0,63.0,41.0,74.0
Mohamed Diawara,NY,F,69.0,9.188406,3.5652175,1.3623189,0.76811594,0.24637681,0.08695652,0.4347826,0.7246377,634.0,246.0,94.0,53.0,17.0,6.0,30.0,50.0
Dwight Powell,DAL,F,63.0,14.349206,3.3333333,4.0793653,1.0793651,0.53968257,0.33333334,0.6507937,2.1111112,904.0,210.0,257.0,68.0,34.0,21.0,41.0,133.0
Jamison Battle,TOR,F,61.0,8.4754095,3.147541,1.4590164,0.39344263,0.114754096,0.04918033,0.3114754,0.6885246,517.0,192.0,89.0,24.0,7.0,3.0,19.0,42.0
Tyus Jones,DEN,G,67.0,14.61194,2.9701493,1.1343284,2.3731344,0.5522388,0.04477612,0.37313432,0.46268657,979.0,199.0,76.0,159.0,37.0,3.0,25.0,31.0
Giannis Antetokounmpo,MIA,F,36.0,28.86111,27.583334,9.777778,5.4444447,0.9444444,0.6666667,3.1944444,2.3888888,1039.0,993.0,352.0,196.0,34.0,24.0,115.0,86.0
Joel Embiid,PHI,C,38.0,31.605263,26.868422,7.7105265,3.9473684,0.55263156,1.2105263,2.868421,2.1578948,1201.0,1021.0,293.0,150.0,21.0,46.0,109.0,82.0
Lauri Markkanen,UTAH,F,42.0,34.357143,26.738094,6.8809524,2.1190476,1.0,0.5,1.5,1.8333334,1443.0,1123.0,289.0,89.0,42.0,21.0,63.0,77.0
Stephen Curry,GS,G,43.0,30.906977,26.55814,3.5813954,4.72093,1.1395348,0.39534885,2.8139534,1.744186,1329.0,1142.0,154.0,203.0,49.0,17.0,121.0,75.0
Michael Porter Jr.,BKN,F,52.0,32.48077,24.211538,7.0576925,3.0384614,1.0576923,0.25,2.3461537,2.2307692,1689.0,1259.0,367.0,158.0,55.0,13.0,122.0,116.0
Keyonte George,UTAH,G,54.0,33.074074,23.61111,3.6851852,6.148148,1.074074,0.25925925,3.074074,2.2222223,1786.0,1275.0,199.0,332.0,58.0,14.0,166.0,120.0
Austin Reaves,LAL,G,51.0,34.54902,23.27451,4.7058825,5.490196,1.0980393,0.39215687,2.9607842,2.1568627,1762.0,1187.0,240.0,280.0,56.0,20.0,151.0,110.0
Jayson Tatum,BOS,F,16.0,32.625,21.75,10.0,5.3125,1.375,0.1875,2.4375,1.625,522.0,348.0,160.0,85.0,22.0,3.0,39.0,26.0
Shaedon Sharpe,POR,G,50.0,29.42,20.84,4.34,2.64,1.4,0.12,2.94,1.96,1471.0,1042.0,217.0,132.0,70.0,6.0,147.0,98.0
Franz Wagner,ORL,F,34.0,29.970589,20.558823,5.2058825,3.3235295,0.9411765,0.32352942,1.7058823,2.1176472,1019.0,699.0,177.0,113.0,32.0,11.0,58.0,72.0
Tyler Herro,MIL,G,33.0,31.30303,20.515152,4.787879,4.121212,0.6969697,0.36363637,1.939394,1.8787879,1033.0,677.0,158.0,136.0,23.0,12.0,64.0,62.0
Anthony Davis,WSH,F,20.0,31.3,20.35,11.05,2.8,1.1,1.65,2.05,2.1,626.0,407.0,221.0,56.0,22.0,33.0,41.0,42.0
Dillon Brooks,PHX,F,56.0,30.392857,20.196428,3.625,1.7678572,1.0178572,0.16071428,1.75,3.267857,1702.0,1131.0,203.0,99.0,57.0,9.0,98.0,183.0
Jimmy Butler III,GS,F,38.0,31.105263,20.0,5.5526314,4.868421,1.4473684,0.21052632,1.5789474,1.2105263,1182.0,760.0,211.0,185.0,55.0,8.0,60.0,46.0
Ty Jerome,MEM,G,15.0,22.6,19.666666,2.8,5.6666665,1.0666667,0.26666668,1.8,2.0666666,339.0,295.0,42.0,85.0,16.0,4.0,27.0,31.0
Ja Morant,POR,G,20.0,28.45,19.45,3.25,8.05,1.0,0.3,3.55,2.0,569.0,389.0,65.0,161.0,20.0,6.0,71.0,40.0
Jaren Jackson Jr.,UTAH,F,48.0,30.3125,19.395834,5.6666665,1.9583334,1.1041666,1.4375,2.2291667,3.7291667,1455.0,931.0,272.0,94.0,53.0,69.0,107.0,179.0
RJ Barrett,TOR,F,57.0,30.280703,19.263159,5.263158,3.3157895,0.7368421,0.33333334,1.7368422,2.5789473,1726.0,1098.0,300.0,189.0,42.0,19.0,99.0,147.0
Zach LaVine,SAC,G,39.0,31.384615,19.179487,2.7692308,2.2820513,0.71794873,0.25641027,1.8974359,2.0769231,1224.0,748.0,108.0,89.0,28.0,10.0,74.0,81.0
Darius Garland,LAC,G,45.0,29.866667,18.777779,2.3777778,6.688889,0.95555556,0.17777778,2.8888888,1.8666667,1344.0,845.0,107.0,301.0,43.0,8.0,130.0,84.0
Jerami Grant,MEM,F,57.0,29.736841,18.59649,3.4736843,2.1403508,0.7368421,0.6315789,2.0877192,2.491228,1695.0,1060.0,198.0,122.0,42.0,36.0,119.0,142.0
Trae Young,WSH,G,15.0,25.6,17.933332,2.0,8.0,0.8666667,0.13333334,2.6,2.2,384.0,269.0,30.0,120.0,13.0,2.0,39.0,33.0
Jalen Green,PHX,G,32.0,25.875,17.75,3.625,2.84375,1.0625,0.25,2.25,1.3125,828.0,568.0,116.0,91.0,34.0,8.0,72.0,42.0
Bennedict Mathurin,NO,G,54.0,30.0,17.574074,5.4259257,2.3888888,0.7962963,0.24074075,2.1851852,2.5370371,1620.0,949.0,293.0,129.0,43.0,13.0,118.0,137.0
Kevin Porter Jr.,MIL,G,38.0,33.18421,17.394737,5.2105265,7.368421,2.1842105,0.5,2.8947368,2.3157895,1261.0,661.0,198.0,280.0,83.0,19.0,110.0,88.0
Coby White,CHA,G,50.0,25.0,17.36,3.4,4.0,0.5,0.1,2.56,2.22,1250.0,868.0,170.0,200.0,25.0,5.0,128.0,111.0
Paul George,BOS,F,37.0,30.675676,17.324324,5.2972975,3.5945945,1.6756756,0.43243244,1.7297298,2.2702703,1135.0,641.0,196.0,133.0,62.0,16.0,64.0,84.0
Jalen Williams,OKC,G,33.0,28.363636,17.060606,4.6363635,5.4848485,1.1818181,0.27272728,1.9090909,1.969697,936.0,563.0,153.0,181.0,39.0,9.0,63.0,65.0
Josh Giddey,CHI,G,54.0,32.055557,17.018518,8.296296,9.148149,1.0185186,0.5,3.6296296,1.6666666,1731.0,919.0,448.0,494.0,55.0,27.0,196.0,90.0
Andrew Nembhard,IND,G,57.0,31.333334,16.947369,2.8070176,7.6666665,0.8947368,0.14035088,2.4035087,2.2105262,1786.0,966.0,160.0,437.0,51.0,8.0,137.0,126.0
Dejounte Murray,NO,G,14.0,27.785715,16.714285,5.357143,6.357143,1.6428572,0.21428572,3.357143,2.357143,389.0,234.0,75.0,89.0,23.0,3.0,47.0,33.0
Kristaps Porzingis,GS,C,32.0,24.03125,16.65625,5.21875,2.53125,0.5625,1.1875,1.28125,2.875,769.0,533.0,167.0,81.0,18.0,38.0,41.0,92.0
Grayson Allen,CHA,G,51.0,28.764706,16.490196,3.0392158,3.8235295,1.3529412,0.25490198,1.627451,2.2941177,1467.0,841.0,155.0,195.0,69.0,13.0,83.0,117.0
Dariq Whitehead,MEM,F,6.0,30.5,16.333334,4.0,1.5,0.6666667,0.0,1.6666666,2.1666667,183.0,98.0,24.0,9.0,4.0,0.0,10.0,13.0
Jrue Holiday,POR,G,53.0,29.433962,16.320755,4.6226416,6.075472,1.018868,0.11320755,2.7547169,1.4716982,1560.0,865.0,245.0,322.0,54.0,6.0,146.0,78.0
Alex Sarr,WSH,C,48.0,27.1875,16.3125,7.3958335,2.7083333,0.8125,1.9791666,1.7083334,2.1875,1305.0,783.0,355.0,130.0,39.0,95.0,82.0,105.0
Aaron Gordon,DEN,F,36.0,27.916666,16.166666,5.8055553,2.6666667,0.5833333,0.2777778,1.0555556,1.7222222,1005.0,582.0,209.0,96.0,21.0,10.0,38.0,62.0
Domantas Sabonis,SAC,F,19.0,29.68421,15.842105,11.368421,4.105263,0.94736844,0.21052632,2.6842105,3.4736843,564.0,301.0,216.0,78.0,18.0,4.0,51.0,66.0
Jarrett Allen,CLE,C,56.0,27.125,15.357142,8.5,1.7857143,0.98214287,0.83928573,1.3392857,1.6964285,1519.0,860.0,476.0,100.0,55.0,47.0,75.0,95.0
Kennedy Chandler,UTAH,G,11.0,32.272728,15.0,3.3636363,6.7272725,1.0,0.18181819,2.090909,2.090909,355.0,165.0,37.0,74.0,11.0,2.0,23.0,23.0
Kyshawn George,WSH,F,48.0,28.979166,14.791667,5.1041665,4.4583335,1.0,0.8958333,2.6041667,3.5208333,1391.0,710.0,245.0,214.0,48.0,43.0,125.0,169.0
Peyton Watson,CLE,G,54.0,29.592592,14.611111,4.888889,2.0555556,0.9259259,1.1296296,1.7222222,2.5185184,1598.0,789.0,264.0,111.0,50.0,61.0,93.0,136.0
Walker Kessler,LAL,C,5.0,30.8,14.4,10.8,3.0,1.4,1.8,3.2,4.4,154.0,72.0,54.0,15.0,7.0,9.0,16.0,22.0
Anfernee Simons,PHI,G,55.0,24.945454,14.272727,2.4545455,2.4363637,0.4909091,0.14545454,1.2363636,1.709091,1372.0,785.0,135.0,134.0,27.0,8.0,68.0,94.0
Cormac Ryan,MIL,G,11.0,24.636364,14.272727,2.5454545,1.7272727,1.0,0.27272728,1.5454545,2.4545455,271.0,157.0,28.0,19.0,11.0,3.0,17.0,27.0
Scoot Henderson,POR,G,30.0,24.933332,14.233334,2.6666667,3.7333333,0.9,0.3,2.4333334,2.8333333,748.0,427.0,80.0,112.0,27.0,9.0,73.0,85.0
P.J. Washington,DAL,F,56.0,31.0,14.160714,7.035714,1.75,0.98214287,1.0714285,1.6785715,2.125,1736.0,793.0,394.0,98.0,55.0,60.0,94.0,119.0
Ivica Zubac,IND,C,48.0,30.145834,14.104167,10.604167,2.1875,0.375,0.8333333,1.7916666,2.3333333,1447.0,677.0,509.0,105.0,18.0,40.0,86.0,112.0
Kelly Oubre Jr.,IND,G,50.0,31.48,14.1,5.04,1.6,1.36,0.48,1.38,2.54,1574.0,705.0,252.0,80.0,68.0,24.0,69.0,127.0
Santi Aldama,DAL,F,43.0,27.860466,14.0,6.6744184,2.9302325,0.8604651,0.7209302,1.2790698,1.6046512,1198.0,602.0,287.0,126.0,37.0,31.0,55.0,69.0
Keegan Murray,SAC,F,23.0,34.47826,13.956522,5.7391305,1.6521739,1.0434783,1.5652174,1.173913,1.826087,793.0,321.0,132.0,38.0,24.0,36.0,27.0,42.0
Aaron Nesmith,IND,G,45.0,29.666666,13.8,4.1555557,1.9111111,0.5777778,0.51111114,1.4,2.7555556,1335.0,621.0,187.0,86.0,26.0,23.0,63.0,124.0
Jalen Suggs,ORL,G,57.0,27.614035,13.789474,3.8596492,5.4736843,1.8421053,0.7017544,2.6666667,2.5438597,1574.0,786.0,220.0,312.0,105.0,40.0,152.0,145.0
De'Andre Hunter,SAC,F,45.0,26.11111,13.666667,4.111111,2.0,0.6666667,0.13333334,1.6666666,2.488889,1175.0,615.0,185.0,90.0,30.0,6.0,75.0,112.0
Zach Edey,MEM,C,11.0,25.818182,13.636364,11.090909,1.0909091,0.6363636,1.9090909,2.3636363,3.3636363,284.0,150.0,122.0,12.0,7.0,21.0,26.0,37.0
Ajay Mitchell,OKC,G,57.0,25.842106,13.578947,3.3333333,3.6140351,1.245614,0.31578946,1.4210526,2.0877192,1473.0,774.0,190.0,206.0,71.0,18.0,81.0,119.0
Cam Thomas,MIL,G,42.0,20.97619,13.5,1.6904762,2.5714285,0.21428572,0.0952381,1.7619047,1.0238096,881.0,567.0,71.0,108.0,9.0,4.0,74.0,43.0
Jordan Poole,NO,G,39.0,23.923077,13.435898,1.9743589,3.0512822,0.5641026,0.3846154,1.7692307,2.2820513,933.0,524.0,77.0,119.0,22.0,15.0,69.0,89.0
Sam Merrill,CLE,G,52.0,26.48077,12.75,2.5576923,2.4038463,0.63461536,0.13461539,0.8076923,2.4423077,1377.0,663.0,133.0,125.0,33.0,7.0,42.0,127.0
GG Jackson,MEM,F,55.0,21.418182,12.472727,4.2727275,1.4727273,0.56363636,0.8,1.5454545,1.3636364,1178.0,686.0,235.0,81.0,31.0,44.0,85.0,75.0
De'Anthony Melton,GS,G,49.0,22.959183,12.285714,3.2244897,2.5510204,1.5714285,0.40816328,1.8571428,1.8571428,1125.0,602.0,158.0,125.0,77.0,20.0,91.0,91.0
Cameron Johnson,DEN,F,54.0,30.5,12.222222,3.8148148,2.4444444,0.7407407,0.3888889,0.8703704,2.3148148,1647.0,660.0,206.0,132.0,40.0,21.0,47.0,125.0
Jonathan Kuminga,MIN,F,36.0,23.055555,12.166667,5.611111,2.3055556,0.6111111,0.30555555,1.8611112,1.5277778,830.0,438.0,202.0,83.0,22.0,11.0,67.0,55.0
Tristen Newton,HOU,G,1.0,12.0,12.0,3.0,0.0,1.0,0.0,0.0,0.0,12.0,12.0,3.0,0.0,1.0,0.0,0.0,0.0
Miles McBride,NY,G,41.0,26.341463,11.97561,2.4390244,2.5853658,0.85365856,0.2195122,0.80487806,1.7073171,1080.0,491.0,100.0,106.0,35.0,9.0,33.0,70.0
Christian Braun,DEN,G,44.0,31.795454,11.954545,4.7954545,2.7272727,0.6818182,0.27272728,0.97727275,2.340909,1399.0,526.0,211.0,120.0,30.0,12.0,43.0,103.0
Blake Hinson,UTAH,F,14.0,20.357143,11.928572,2.357143,1.1428572,0.35714287,0.14285715,0.35714287,1.7142857,285.0,167.0,33.0,16.0,5.0,2.0,5.0,24.0
Julian Reese,DEN,F,13.0,30.923077,11.846154,10.538462,1.8461539,1.3846154,0.61538464,2.4615386,3.2307692,402.0,154.0,137.0,24.0,18.0,8.0,32.0,42.0
Bilal Coulibaly,WSH,G,56.0,26.214285,11.732142,4.339286,2.5892856,1.3392857,0.96428573,1.4464285,2.3214285,1468.0,657.0,243.0,145.0,75.0,54.0,81.0,130.0
Obi Toppin,IND,F,24.0,17.666666,11.625,4.4166665,2.2916667,0.5,0.041666668,1.1666666,1.1666666,424.0,279.0,106.0,55.0,12.0,1.0,28.0,28.0
Scotty Pippen Jr.,MEM,G,10.0,21.2,11.4,2.2,4.7,1.9,0.4,2.7,3.1,212.0,114.0,22.0,47.0,19.0,4.0,27.0,31.0
Max Strus,LAC,G,12.0,24.0,11.166667,5.4166665,2.0,0.25,0.0,0.75,2.8333333,288.0,134.0,65.0,24.0,3.0,0.0,9.0,34.0
Alondes Williams,WSH,G,4.0,25.25,11.0,6.25,3.0,0.75,0.75,1.25,1.0,101.0,44.0,25.0,12.0,3.0,3.0,5.0,4.0
Jusuf Nurkic,UTAH,C,41.0,26.414635,10.902439,10.365853,4.780488,1.2682927,0.5365854,2.4634147,3.2682927,1083.0,447.0,425.0,196.0,52.0,22.0,101.0,134.0
Daeqwon Plowden,SAC,G,32.0,26.375,10.75,3.03125,1.28125,0.71875,0.21875,0.8125,2.4375,844.0,344.0,97.0,41.0,23.0,7.0,26.0,78.0
Tyler Burton,MEM,F,12.0,25.583334,10.75,4.1666665,1.0,0.9166667,0.33333334,0.9166667,2.5833333,307.0,129.0,50.0,12.0,11.0,4.0,11.0,31.0
Jakob Poeltl,TOR,C,46.0,24.97826,10.717391,7.021739,2.0217392,0.8695652,0.6956522,1.2391304,3.152174,1149.0,493.0,323.0,93.0,40.0,32.0,57.0,145.0
Lucas Williamson,MEM,G,7.0,32.0,10.428572,5.428571,2.5714285,1.5714285,0.14285715,1.4285715,3.7142856,224.0,73.0,38.0,18.0,11.0,1.0,10.0,26.0
Caleb Love,PHI,G,49.0,20.67347,10.387755,2.3265307,2.510204,0.5510204,0.08163265,1.2653061,0.97959185,1013.0,509.0,114.0,123.0,27.0,4.0,62.0,48.0
Adama Bal,MEM,G,8.0,30.125,10.375,3.125,2.375,1.125,0.125,0.75,3.375,241.0,83.0,25.0,19.0,9.0,1.0,6.0,27.0
DaQuan Jeffries,SAC,G,3.0,20.0,10.333333,1.6666666,0.33333334,0.6666667,0.0,0.0,3.0,60.0,31.0,5.0,1.0,2.0,0.0,0.0,9.0
Egor Demin,BKN,G,52.0,25.153847,10.307693,3.1730769,3.3269231,0.8076923,0.32692307,1.6538461,1.7884616,1308.0,536.0,165.0,173.0,42.0,17.0,86.0,93.0
Ziaire Williams,LAL,F,56.0,22.875,10.232142,2.392857,1.0714285,1.3571428,0.375,1.0535715,2.0714285,1281.0,573.0,134.0,60.0,76.0,21.0,59.0,116.0
Jalen Smith,CHI,F,53.0,20.660378,10.207547,6.6981134,1.226415,0.4528302,0.7924528,1.0,2.0943396,1095.0,541.0,355.0,65.0,24.0,42.0,53.0,111.0
D'Angelo Russell,MEM,G,26.0,19.038462,10.153846,2.3461537,4.0,0.46153846,0.07692308,1.8846154,1.1538461,495.0,264.0,61.0,104.0,12.0,2.0,49.0,30.0
Derrick Jones Jr.,LAC,F,50.0,27.0,10.08,3.46,1.38,0.9,1.0,0.8,2.08,1350.0,504.0,173.0,69.0,45.0,50.0,40.0,104.0
Olivier-Maxence Prosper,MEM,F,53.0,18.566038,10.0,3.528302,0.9622642,0.754717,0.24528302,0.8867925,1.5660378,984.0,530.0,187.0,51.0,40.0,13.0,47.0,83.0
Toby Okani,MEM,F,6.0,36.166668,10.0,3.5,1.0,0.6666667,0.5,0.5,3.3333333,217.0,60.0,21.0,6.0,4.0,3.0,3.0,20.0
Micah Potter,POR,C,47.0,19.319149,9.74468,4.9574466,1.468085,0.4680851,0.31914893,1.0,1.7446809,908.0,458.0,233.0,69.0,22.0,15.0,47.0,82.0
Zach Collins,CHI,F,10.0,18.4,9.7,5.6,1.5,0.2,0.4,1.0,1.8,184.0,97.0,56.0,15.0,2.0,4.0,10.0,18.0
Javon Small,MEM,G,41.0,20.243902,9.658537,3.121951,3.682927,0.8292683,0.2195122,1.3658537,1.5853659,830.0,396.0,128.0,151.0,34.0,9.0,56.0,65.0
Daniel Gafford,DAL,F,55.0,21.709091,9.527273,6.8727274,1.0545454,0.76363635,1.2545455,1.1454545,2.6181817,1194.0,524.0,378.0,58.0,42.0,69.0,63.0,144.0
Svi Mykhailiuk,UTAH,G,50.0,23.12,9.38,2.48,1.86,0.52,0.06,0.84,1.26,1156.0,469.0,124.0,93.0,26.0,3.0,42.0,63.0
T.J. McConnell,IND,G,56.0,17.196428,9.375,2.2142856,5.125,1.0,0.17857143,1.1428572,1.1071428,963.0,525.0,124.0,287.0,56.0,10.0,64.0,62.0
Landry Shamet,NY,G,51.0,22.960785,9.313725,1.8039216,1.4117647,0.60784316,0.1764706,0.5882353,1.5098039,1171.0,475.0,92.0,72.0,31.0,9.0,30.0,77.0
Taurean Prince,DET,F,26.0,23.5,9.192307,3.1153846,1.7692307,0.61538464,0.23076923,1.1923077,1.8461539,611.0,239.0,81.0,46.0,16.0,6.0,31.0,48.0
Isaiah Hartenstein,OKC,C,47.0,24.19149,9.191489,9.425532,3.531915,1.0212766,0.7659575,1.7446809,2.5106382,1137.0,432.0,443.0,166.0,48.0,36.0,82.0,118.0
Cam Whitmore,CLE,F,21.0,16.857143,9.190476,2.7619047,0.71428573,0.71428573,0.3809524,0.85714287,1.1904762,354.0,193.0,58.0,15.0,15.0,8.0,18.0,25.0
Jaden Hardy,LAL,G,57.0,15.754386,9.175439,1.5087719,1.0175439,0.28070176,0.10526316,1.0877193,1.5614035,898.0,523.0,86.0,58.0,16.0,6.0,62.0,89.0
Quenton Jackson,IND,G,49.0,18.306122,9.142858,2.3265307,2.857143,0.63265306,0.12244898,1.2653061,1.6734694,897.0,448.0,114.0,140.0,31.0,6.0,62.0,82.0
Tristan Vukcevic,WSH,F,49.0,13.693877,9.0,3.0,1.1224489,0.46938777,0.67346936,1.2653061,1.6734694,671.0,441.0,147.0,55.0,23.0,33.0,62.0,82.0
Devin Carter,ATL,G,38.0,18.421053,8.921053,3.2894738,2.6578948,0.8947368,0.23684211,1.4210526,1.3157895,700.0,339.0,125.0,101.0,34.0,9.0,54.0,50.0
Danny Wolf,BKN,F,57.0,20.824562,8.912281,4.9298244,2.2280703,0.5263158,0.5614035,1.2807018,2.2105262,1187.0,508.0,281.0,127.0,30.0,32.0,73.0,126.0
Nolan Traore,BKN,G,56.0,22.196428,8.910714,1.7678572,3.8035715,0.8035714,0.4107143,2.3035715,2.125,1243.0,499.0,99.0,213.0,45.0,23.0,129.0,119.0
Herbert Jones,NO,F,56.0,28.357143,8.857142,3.392857,2.767857,1.5714285,0.48214287,1.3035715,3.1607144,1588.0,496.0,190.0,155.0,88.0,27.0,73.0,177.0
John Poulakidas,DAL,G,13.0,19.461538,8.846154,2.3076923,0.84615386,0.53846157,0.30769232,0.30769232,2.1538463,253.0,115.0,30.0,11.0,7.0,4.0,4.0,28.0
Payton Sandfort,OKC,F,4.0,15.75,8.75,2.5,0.0,0.25,0.0,0.25,2.0,63.0,35.0,10.0,0.0,1.0,0.0,1.0,8.0
Jaden Ivey,CHI,G,37.0,18.108109,8.540541,2.4594595,1.8378378,0.6216216,0.3783784,1.1081082,1.4324324,670.0,316.0,91.0,68.0,23.0,14.0,41.0,53.0
Collin Murray-Boyles,TOR,F,57.0,21.85965,8.491228,5.0,1.8596492,0.9122807,0.9298246,1.0350877,2.5789473,1246.0,484.0,285.0,106.0,52.0,53.0,59.0,147.0
Kentavious Caldwell-Pope,PHI,G,51.0,21.333334,8.392157,2.4509804,2.72549,0.84313726,0.15686275,1.1960784,1.117647,1088.0,428.0,125.0,139.0,43.0,8.0,61.0,57.0
Josh Oduro,NO,C,3.0,27.333334,8.333333,7.6666665,1.3333334,0.0,0.0,0.6666667,4.6666665,82.0,25.0,23.0,4.0,0.0,0.0,2.0,14.0
Kadary Richmond,WSH,G,3.0,22.333334,8.333333,3.3333333,2.6666667,2.6666667,0.33333334,0.6666667,0.6666667,67.0,25.0,10.0,8.0,8.0,1.0,2.0,2.0
Al Horford,GS,C,45.0,21.533333,8.266666,4.866667,2.5777779,0.6666667,1.1333333,0.93333334,1.1333333,969.0,372.0,219.0,116.0,30.0,51.0,42.0,51.0
Malachi Smith,BKN,G,15.0,23.933332,8.266666,3.4,3.2666667,0.8,0.26666668,0.93333334,0.8666667,359.0,124.0,51.0,49.0,12.0,4.0,14.0,13.0
LJ Cryer,GS,G,18.0,16.222221,8.222222,1.5555556,1.0,0.16666667,0.0,0.7777778,1.5555556,292.0,148.0,28.0,18.0,3.0,0.0,14.0,28.0
Chaney Johnson,BKN,F,17.0,20.470589,8.176471,4.647059,2.1176472,0.88235295,0.5294118,1.1764706,3.0,348.0,139.0,79.0,36.0,15.0,9.0,20.0,51.0
Bradley Beal,LAC,G,6.0,20.166666,8.166667,0.8333333,1.6666666,0.5,0.0,1.5,2.3333333,121.0,49.0,5.0,10.0,3.0,0.0,9.0,14.0
Bez Mbeng,UTAH,G,15.0,32.8,8.133333,3.8,4.133333,2.2666667,0.33333334,1.4666667,3.0666666,492.0,122.0,57.0,62.0,34.0,5.0,22.0,46.0
Sharife Cooper,WSH,G,41.0,17.073172,8.121951,2.097561,3.0243902,0.3902439,0.12195122,1.4878049,1.4878049,700.0,333.0,86.0,124.0,16.0,5.0,61.0,61.0
Bryce McGowens,NO,G,42.0,20.952381,8.095238,2.0952382,1.4761904,0.64285713,0.1904762,0.4047619,2.0952382,880.0,340.0,88.0,62.0,27.0,8.0,17.0,88.0
Trevon Scott,BKN,F,6.0,30.333334,8.0,5.1666665,1.6666666,1.3333334,0.8333333,0.6666667,2.0,182.0,48.0,31.0,10.0,8.0,5.0,4.0,12.0
DeJon Jarreau,MEM,G,11.0,21.0,8.0,4.6363635,3.2727273,0.90909094,0.72727275,2.3636363,2.5454545,231.0,88.0,51.0,36.0,10.0,8.0,26.0,28.0
Nate Williams,GS,G,14.0,17.071428,8.0,2.142857,1.0,0.35714287,0.0,1.0714285,1.8571428,239.0,112.0,30.0,14.0,5.0,0.0,15.0,26.0
Mouhamadou Gueye,CHA,F,2.0,22.5,8.0,3.0,3.0,1.0,0.5,1.5,2.0,45.0,16.0,6.0,6.0,2.0,1.0,3.0,4.0
David Roddy,DEN,F,5.0,14.6,8.0,4.0,0.8,0.8,0.2,0.4,1.4,73.0,40.0,20.0,4.0,4.0,1.0,2.0,7.0
Tyson Etienne,BKN,G,24.0,15.833333,7.875,1.125,1.6666666,0.45833334,0.0,0.6666667,1.9583334,380.0,189.0,27.0,40.0,11.0,0.0,16.0,47.0
Leonard Miller,CHI,F,46.0,15.630435,7.847826,3.9347825,0.8695652,0.36956522,0.32608697,0.7826087,1.4130435,719.0,361.0,181.0,40.0,17.0,15.0,36.0,65.0
Oscar Tshiebwe,UTAH,C,27.0,16.592592,7.814815,6.6296296,1.1851852,0.5925926,0.18518518,0.7777778,1.4444444,448.0,211.0,179.0,32.0,16.0,5.0,21.0,39.0
Buddy Hield,ATL,G,51.0,16.058823,7.647059,2.27451,1.3921568,0.7647059,0.1764706,0.9411765,1.117647,819.0,390.0,116.0,71.0,39.0,9.0,48.0,57.0
Ousmane Dieng,MIL,F,57.0,19.280703,7.5614033,3.1578948,2.3859649,0.4385965,0.2982456,1.3157895,1.3684211,1099.0,431.0,180.0,136.0,25.0,17.0,75.0,78.0
Ben Saraf,BKN,G,44.0,20.818182,7.5454545,2.090909,3.2954545,0.8636364,0.18181819,2.25,1.8409091,916.0,332.0,92.0,145.0,38.0,8.0,99.0,81.0
Vince Williams Jr.,UTAH,G,40.0,20.475,7.5,3.875,4.15,0.725,0.4,1.75,2.0,819.0,300.0,155.0,166.0,29.0,16.0,70.0,80.0
Bogdan Bogdanovic,HOU,G,23.0,19.652174,7.4347825,2.5652175,2.2173913,0.4347826,0.13043478,1.173913,2.0,452.0,171.0,59.0,51.0,10.0,3.0,27.0,46.0
Josh Minott,BKN,F,49.0,17.020409,7.428571,3.2244897,0.93877554,0.8979592,0.48979592,0.877551,1.4897959,834.0,364.0,158.0,46.0,44.0,24.0,43.0,73.0
Cameron Payne,PHI,PG,22.0,17.0,7.409091,2.0,2.6363637,1.0909091,0.3181818,0.5,1.3636364,374.0,163.0,44.0,58.0,24.0,7.0,11.0,30.0
Jamir Watkins,WSH,G,50.0,20.64,7.36,3.88,1.34,1.08,0.5,0.8,2.58,1032.0,368.0,194.0,67.0,54.0,25.0,40.0,129.0
Nikola Jovic,MIA,F,47.0,17.19149,7.319149,3.255319,2.1702127,0.5531915,0.3617021,1.3829787,1.3829787,808.0,344.0,153.0,102.0,26.0,17.0,65.0,65.0
Jalen Slawson,IND,F,13.0,23.923077,7.3076925,4.3846154,2.7692308,1.5384616,1.0769231,1.3076923,2.0769231,311.0,95.0,57.0,36.0,20.0,14.0,17.0,27.0
Julian Strawther,DEN,G,57.0,15.105263,7.245614,2.0,1.0701754,0.4385965,0.10526316,0.6315789,1.2807018,861.0,413.0,114.0,61.0,25.0,6.0,36.0,73.0
Seth Curry,GS,G,10.0,13.3,7.1,1.2,1.0,0.3,0.0,0.2,0.7,133.0,71.0,12.0,10.0,3.0,0.0,2.0,7.0
Leaky Black,WSH,F,15.0,28.866667,7.0666666,5.0,1.4666667,1.2,0.53333336,0.93333334,2.6666667,433.0,106.0,75.0,22.0,18.0,8.0,14.0,40.0
Grant Williams,CHA,F,36.0,19.75,7.0,3.9444444,1.5555556,0.4722222,0.5,0.8611111,1.5555556,711.0,252.0,142.0,56.0,17.0,18.0,31.0,56.0
Lawson Lovering,MEM,C,2.0,24.5,7.0,7.5,1.5,1.5,0.5,1.0,3.5,49.0,14.0,15.0,3.0,3.0,1.0,2.0,7.0
Ethan Thompson,IND,G,32.0,20.40625,6.96875,2.15625,1.78125,0.625,0.28125,0.78125,2.15625,653.0,223.0,69.0,57.0,20.0,9.0,25.0,69.0
Moritz Wagner,BKN,F,36.0,11.861111,6.861111,3.1944444,0.75,0.41666666,0.055555556,0.5277778,1.6111112,427.0,247.0,115.0,27.0,15.0,2.0,19.0,58.0
Elijah Harkless,DET,G,26.0,20.961538,6.8461537,2.0384614,2.8846154,1.1923077,0.23076923,1.0,2.0,545.0,178.0,53.0,75.0,31.0,6.0,26.0,52.0
MarJon Beauchamp,PHI,F,14.0,14.0,6.785714,2.2857144,1.0714285,0.64285713,0.2857143,0.9285714,0.9285714,196.0,95.0,32.0,15.0,9.0,4.0,13.0,13.0
Isaiah Jackson,LAC,F,55.0,16.50909,6.7272725,5.2727275,0.94545454,0.6545454,0.8909091,1.0545454,2.6727273,908.0,370.0,290.0,52.0,36.0,49.0,58.0,147.0
Kevin Love,UTAH,F,37.0,16.567568,6.7027025,5.810811,1.8108108,0.3783784,0.24324325,0.8108108,1.4594594,613.0,248.0,215.0,67.0,14.0,9.0,30.0,54.0
Cole Anthony,PHX,G,35.0,15.057143,6.6857142,2.4857142,3.4571428,0.5714286,0.31428573,1.8571428,2.0857143,527.0,234.0,87.0,121.0,20.0,11.0,65.0,73.0
Trendon Watford,NO,F,53.0,16.301888,6.5283017,3.2830188,2.490566,0.3018868,0.41509435,1.2075472,2.018868,864.0,346.0,174.0,132.0,16.0,22.0,64.0,107.0
Kenrich Williams,OKC,G,56.0,15.267858,6.482143,3.3392856,1.4107143,0.5535714,0.08928572,0.76785713,1.0535715,855.0,363.0,187.0,79.0,31.0,5.0,43.0,59.0
Jevon Carter,ORL,G,53.0,16.35849,6.3962264,1.6792452,1.6415094,0.754717,0.18867925,0.6792453,1.0754716,867.0,339.0,89.0,87.0,40.0,10.0,36.0,57.0
Jalen Wilson,ATL,F,54.0,15.907408,6.351852,2.1111112,0.9259259,0.4074074,0.037037037,0.7037037,1.574074,859.0,343.0,114.0,50.0,22.0,2.0,38.0,85.0
Tyrese Martin,PHI,G,46.0,16.891304,6.304348,2.5217392,1.6956521,0.54347825,0.13043478,0.8695652,0.7173913,777.0,290.0,116.0,78.0,25.0,6.0,40.0,33.0
Alex Caruso,OKC,G,56.0,18.214285,6.214286,2.767857,1.9642857,1.2857143,0.30357143,0.85714287,1.2142857,1020.0,348.0,155.0,110.0,72.0,17.0,48.0,68.0
Jahmai Mashack,MEM,G,31.0,21.709677,6.193548,2.612903,2.2258065,1.1935484,0.4516129,1.5806452,2.1612904,673.0,192.0,81.0,69.0,37.0,14.0,49.0,67.0
Kasparas Jakucionis,MIL,G,53.0,17.830189,6.188679,2.6037736,2.5849056,0.6226415,0.13207547,0.9433962,1.8679246,945.0,328.0,138.0,137.0,33.0,7.0,50.0,99.0
Kyle Anderson,TOR,F,43.0,19.83721,6.1860466,3.488372,2.9302325,1.0465117,0.60465115,0.90697676,2.2325583,853.0,266.0,150.0,126.0,45.0,26.0,39.0,96.0
Nick Smith Jr.,LAL,G,30.0,12.5,6.1666665,0.76666665,1.0333333,0.3,0.06666667,0.7,0.93333334,375.0,185.0,23.0,31.0,9.0,2.0,21.0,28.0
Mac McClung,CHI,G,11.0,12.272727,6.090909,0.90909094,0.90909094,1.0,0.27272728,0.8181818,1.7272727,135.0,67.0,10.0,10.0,11.0,3.0,9.0,19.0
Hayden Gray,UTAH,G,1.0,25.0,6.0,0.0,1.0,1.0,1.0,1.0,0.0,25.0,6.0,0.0,1.0,1.0,1.0,1.0,0.0
Tidjane Salaun,CHA,F,37.0,15.540541,6.0,4.027027,0.7297297,0.43243244,0.1891892,0.7027027,1.4594594,575.0,222.0,149.0,27.0,16.0,7.0,26.0,54.0
Charles Bassey,GS,C,13.0,11.769231,5.8461537,4.3846154,0.53846157,0.30769232,0.84615386,0.46153846,1.4615384,153.0,76.0,57.0,7.0,4.0,11.0,6.0,19.0
Steven Adams,HOU,C,32.0,22.8125,5.84375,8.625,1.5,0.6875,0.625,1.09375,1.71875,730.0,187.0,276.0,48.0,22.0,20.0,35.0,55.0
Anthony Gill,WSH,F,55.0,17.290909,5.836364,2.8727272,1.2545455,0.56363636,0.38181818,0.6545454,1.6,951.0,321.0,158.0,69.0,31.0,21.0,36.0,88.0
Kris Murray,MEM,F,57.0,23.385965,5.8070173,3.6140351,1.4210526,0.8947368,0.3859649,0.8245614,1.6140351,1333.0,331.0,206.0,81.0,51.0,22.0,47.0,92.0
Matisse Thybulle,LAL,G,30.0,16.0,5.8,1.9666667,0.9,2.0,0.53333336,0.93333334,1.4333333,480.0,174.0,59.0,27.0,60.0,16.0,28.0,43.0
Branden Carlson,POR,C,42.0,11.619047,5.7619047,2.952381,0.6904762,0.1904762,0.64285713,0.3809524,0.85714287,488.0,242.0,124.0,29.0,8.0,27.0,16.0,36.0
Nick Richards,MIA,C,48.0,14.604167,5.75,5.0625,0.33333334,0.20833333,0.6666667,1.2291666,1.8333334,701.0,276.0,243.0,16.0,10.0,32.0,59.0,88.0
Jamaree Bouyea,PHX,G,46.0,14.0,5.7173915,1.7826087,1.7826087,0.6304348,0.3478261,0.65217394,0.82608694,644.0,263.0,82.0,82.0,29.0,16.0,30.0,38.0
Doug McDermott,SAC,F,29.0,15.137931,5.6551723,1.2758621,0.7586207,0.20689656,0.13793103,0.44827586,0.9655172,439.0,164.0,37.0,22.0,6.0,4.0,13.0,28.0
E.J. Liddell,BKN,F,26.0,13.423077,5.6538463,2.6538463,0.9230769,0.23076923,0.3846154,0.5769231,1.7307693,349.0,147.0,69.0,24.0,6.0,10.0,15.0,45.0
Terrence Shannon Jr.,MIN,G,43.0,12.511628,5.604651,1.1395348,0.88372093,0.3255814,0.023255814,0.55813956,1.1627907,538.0,241.0,49.0,38.0,14.0,1.0,24.0,50.0
Killian Hayes,SAC,G,23.0,17.652174,5.521739,2.347826,3.5217392,0.9130435,0.17391305,1.2173913,1.5652174,406.0,127.0,54.0,81.0,21.0,4.0,28.0,36.0
Eric Gordon,MEM,G,6.0,12.333333,5.5,0.33333334,0.5,0.6666667,0.16666667,0.5,0.5,74.0,33.0,2.0,3.0,4.0,1.0,3.0,3.0
Tre Mann,WSH,G,53.0,12.603773,5.4905663,1.735849,1.6226416,0.4716981,0.094339624,1.018868,1.3018868,668.0,291.0,92.0,86.0,25.0,5.0,54.0,69.0
Aaron Holiday,HOU,G,57.0,13.701755,5.4736843,1.0175439,1.0526316,0.47368422,0.0877193,0.6666667,1.2631578,781.0,312.0,58.0,60.0,27.0,5.0,38.0,72.0
Jett Howard,DAL,G,55.0,12.636364,5.4727273,1.5818182,0.8181818,0.18181819,0.2,0.27272728,1.2,695.0,301.0,87.0,45.0,10.0,11.0,15.0,66.0
Tyrese Proctor,CLE,G,50.0,10.9,5.44,1.28,1.48,0.5,0.0,0.8,1.18,545.0,272.0,64.0,74.0,25.0,0.0,40.0,59.0
Haywood Highsmith,PHX,F,7.0,13.0,5.428571,1.8571428,1.0,0.5714286,0.0,0.0,1.2857143,91.0,38.0,13.0,7.0,4.0,0.0,0.0,9.0
Dylan Cardwell,SAC,C,44.0,20.613636,5.409091,7.5454545,1.4090909,0.6818182,1.5227273,0.8863636,3.659091,907.0,238.0,332.0,62.0,30.0,67.0,39.0,161.0
Pete Nance,MIL,F,47.0,15.680851,5.4042554,2.6595745,1.0212766,0.29787233,0.29787233,0.5531915,1.3191489,737.0,254.0,125.0,48.0,14.0,14.0,26.0,62.0
Jamal Cain,ORL,F,40.0,12.15,5.375,1.95,0.725,0.275,0.1,0.475,1.325,486.0,215.0,78.0,29.0,11.0,4.0,19.0,53.0
Trey Alexander,UTAH,G,9.0,12.333333,5.2222223,1.2222222,1.0,0.6666667,0.22222222,0.33333334,1.4444444,111.0,47.0,11.0,9.0,6.0,2.0,3.0,13.0
Drew Eubanks,SAC,F,42.0,13.142858,5.214286,3.0238094,0.45238096,0.35714287,0.61904764,0.71428573,1.3571428,552.0,219.0,127.0,19.0,15.0,26.0,30.0,57.0
Garrison Mathews,IND,G,15.0,13.066667,5.2,1.1333333,0.6666667,0.4,0.2,0.2,1.2666667,196.0,78.0,17.0,10.0,6.0,3.0,3.0,19.0
Jalen Pickett,LAC,G,50.0,16.12,5.2,2.28,2.3,0.26,0.1,0.68,0.84,806.0,260.0,114.0,115.0,13.0,5.0,34.0,42.0
Andersson Garcia,UTAH,G,5.0,33.8,5.2,8.4,2.8,1.6,0.8,1.4,3.2,169.0,26.0,42.0,14.0,8.0,4.0,7.0,16.0
Nikola Topic,OKC,G,10.0,16.0,5.2,1.9,4.4,0.5,0.0,2.5,1.3,160.0,52.0,19.0,44.0,5.0,0.0,25.0,13.0
Marcus Sasser,DAL,G,38.0,12.026316,5.1842103,1.0263158,1.9736842,0.5263158,0.10526316,0.81578946,1.0789474,457.0,197.0,39.0,75.0,20.0,4.0,31.0,41.0
Asa Newell,ATL,F,44.0,11.363636,5.159091,2.1818182,0.59090906,0.36363637,0.3409091,0.52272725,1.4772727,500.0,227.0,96.0,26.0,16.0,15.0,23.0,65.0
Johnny Furphy,IND,G,35.0,18.37143,5.142857,4.3714285,1.1714286,0.5714286,0.2,0.82857144,1.8571428,643.0,180.0,153.0,41.0,20.0,7.0,29.0,65.0
Jordan Hawkins,MEM,G,51.0,13.568627,5.0588236,1.7254902,0.8235294,0.25490198,0.19607843,0.6666667,0.5882353,692.0,258.0,88.0,42.0,13.0,10.0,34.0,30.0
Blake Wesley,POR,G,31.0,11.645162,4.774194,1.2580645,2.0,0.516129,0.16129032,1.0,1.0967742,361.0,148.0,39.0,62.0,16.0,5.0,31.0,34.0
Tyler Smith,DAL,F,12.0,13.833333,4.6666665,2.75,0.41666666,0.5,0.0,0.5,1.0833334,166.0,56.0,33.0,5.0,6.0,0.0,6.0,13.0
Zyon Pullin,MIN,G,5.0,8.6,4.6,0.6,1.8,0.2,0.0,0.6,1.2,43.0,23.0,3.0,9.0,1.0,0.0,3.0,6.0
Jeremiah Robinson-Earl,DAL,F,22.0,16.40909,4.590909,4.681818,0.6818182,0.4090909,0.045454547,0.54545456,1.1818181,361.0,101.0,103.0,15.0,9.0,1.0,12.0,26.0
Lonzo Ball,UTAH,G,35.0,20.8,4.571429,4.0,3.8857143,1.2857143,0.25714287,1.4857143,1.3142858,728.0,160.0,140.0,136.0,45.0,9.0,52.0,46.0
Malaki Branham,ORL,F,28.0,9.821428,4.571429,1.5714285,0.8214286,0.35714287,0.10714286,0.53571427,0.75,275.0,128.0,44.0,23.0,10.0,3.0,15.0,21.0
KJ Simpson,DEN,G,20.0,12.9,4.55,1.85,2.15,0.8,0.0,1.25,0.9,258.0,91.0,37.0,43.0,16.0,0.0,25.0,18.0
Mike Conley,BOS,G,54.0,18.351852,4.537037,1.7222222,2.9074075,0.6481481,0.25925925,0.6296296,1.5555556,991.0,245.0,93.0,157.0,35.0,14.0,34.0,84.0
PJ Hall,CHA,C,19.0,11.210526,4.5263157,3.9473684,0.5263158,0.15789473,0.5263158,0.84210527,1.1578947,213.0,86.0,75.0,10.0,3.0,10.0,16.0,22.0
Taelon Peter,IND,G,38.0,12.947369,4.5,1.5526316,1.0526316,0.68421054,0.10526316,0.7105263,1.0,492.0,171.0,59.0,40.0,26.0,4.0,27.0,38.0
Moussa Cisse,DAL,C,38.0,13.947369,4.4736843,5.6842103,0.23684211,0.5,1.1842105,0.7894737,1.9210526,530.0,170.0,216.0,9.0,19.0,45.0,30.0,73.0
John Konchar,MIN,G,56.0,19.910715,4.428571,4.285714,2.107143,1.4821428,0.6785714,0.625,1.4107143,1115.0,248.0,240.0,118.0,83.0,38.0,35.0,79.0
Jase Richardson,ORL,G,54.0,10.87037,4.4259257,1.1666666,1.074074,0.35185185,0.037037037,0.46296296,0.9814815,587.0,239.0,63.0,58.0,19.0,2.0,25.0,53.0
DeAndre Jordan,NO,C,12.0,16.583334,4.4166665,6.3333335,0.9166667,0.33333334,0.8333333,0.75,1.3333334,199.0,53.0,76.0,11.0,4.0,10.0,9.0,16.0
Kam Jones,MIL,G,37.0,16.64865,4.3783784,1.6216216,3.2162163,0.4864865,0.0,0.972973,1.054054,616.0,162.0,60.0,119.0,18.0,0.0,36.0,39.0
Gabe Vincent,ATL,G,53.0,16.584906,4.3584905,1.018868,1.4339622,0.509434,0.056603774,0.509434,1.490566,879.0,231.0,54.0,76.0,27.0,3.0,27.0,79.0
RayJ Dennis,ATL,G,17.0,12.117647,4.352941,1.5294118,1.9411764,0.23529412,0.23529412,1.0,1.2352941,206.0,74.0,26.0,33.0,4.0,4.0,17.0,21.0
Skal Labissiere,WSH,C,3.0,12.666667,4.3333335,3.0,1.0,0.6666667,0.33333334,0.33333334,1.0,38.0,13.0,9.0,3.0,2.0,1.0,1.0,3.0
Rasheer Fleming,PHX,F,55.0,12.236363,4.327273,2.2545455,0.29090908,0.4,0.38181818,0.5272727,1.1636363,673.0,238.0,124.0,16.0,22.0,21.0,29.0,64.0
Yanic Konan Niederhauser,LAC,C,41.0,10.341463,4.292683,2.8536584,0.29268292,0.12195122,0.73170733,0.5609756,1.6097561,424.0,176.0,117.0,12.0,5.0,30.0,23.0,66.0
Dereck Lively II,DAL,C,7.0,16.428572,4.285714,5.285714,1.8571428,0.5714286,1.5714285,1.4285715,3.0,115.0,30.0,37.0,13.0,4.0,11.0,10.0,21.0
Liam McNeeley,CHA,G,31.0,11.870968,4.2580647,2.3548386,0.7741935,0.16129032,0.09677419,0.41935483,1.1612903,368.0,132.0,73.0,24.0,5.0,3.0,13.0,36.0
Keshad Johnson,MIA,F,32.0,8.75,4.25,1.9375,0.25,0.46875,0.25,0.40625,0.875,280.0,136.0,62.0,8.0,15.0,8.0,13.0,28.0
Keshon Gilbert,ATL,G,4.0,18.5,4.25,1.25,3.0,0.75,1.0,2.0,1.25,74.0,17.0,5.0,12.0,3.0,4.0,8.0,5.0
Grant Nelson,BKN,F,4.0,8.75,4.25,1.5,1.25,0.25,1.25,1.0,1.5,35.0,17.0,6.0,5.0,1.0,5.0,4.0,6.0
Ron Harper Jr.,BOS,G,29.0,10.965517,4.2413793,1.6551725,0.7586207,0.3448276,0.31034482,0.27586207,0.6896552,318.0,123.0,48.0,22.0,10.0,9.0,8.0,20.0
Dalton Knecht,LAL,F,54.0,10.240741,4.2222223,1.3888888,0.3888889,0.2037037,0.2037037,0.42592594,0.8333333,553.0,228.0,75.0,21.0,11.0,11.0,23.0,45.0
A.J. Lawson,TOR,G,24.0,9.416667,4.2083335,1.7916666,0.29166666,0.5,0.16666667,0.25,1.125,226.0,101.0,43.0,7.0,12.0,4.0,6.0,27.0
Tristan Enaruna,CLE,F,9.0,9.444445,4.111111,1.5555556,0.7777778,0.5555556,0.0,0.33333334,0.33333334,85.0,37.0,14.0,7.0,5.0,0.0,3.0,3.0
Brandon Clarke,MEM,F,2.0,10.0,4.0,3.0,0.5,1.0,0.0,0.0,2.5,20.0,8.0,6.0,1.0,2.0,0.0,0.0,5.0
Tony Bradley,ATL,C,41.0,11.0,3.9512196,2.8292682,0.5365854,0.14634146,0.17073171,0.4390244,1.5121951,451.0,162.0,116.0,22.0,6.0,7.0,18.0,62.0
Joan Beringer,MIN,F,40.0,7.85,3.9,2.3,0.3,0.175,0.65,0.275,1.175,314.0,156.0,92.0,12.0,7.0,26.0,11.0,47.0
Riley Minix,CLE,F,9.0,6.4444447,3.8888888,0.6666667,0.5555556,0.22222222,0.11111111,0.33333334,0.5555556,58.0,35.0,6.0,5.0,2.0,1.0,3.0,5.0
Omer Yurtseven,GS,C,9.0,11.555555,3.7777777,3.3333333,0.8888889,0.22222222,0.11111111,1.0,1.6666666,104.0,34.0,30.0,8.0,2.0,1.0,9.0,15.0
Koby Brea,PHX,G,12.0,7.0,3.75,0.6666667,0.8333333,0.083333336,0.0,0.33333334,0.5,84.0,45.0,8.0,10.0,1.0,0.0,4.0,6.0
Larry Nance Jr.,IND,F,35.0,12.828571,3.7428572,2.6571429,0.9714286,0.6,0.17142858,0.5714286,1.5714285,449.0,131.0,93.0,34.0,21.0,6.0,20.0,55.0
Tolu Smith,DET,F,15.0,9.133333,3.7333333,3.2666667,0.8666667,0.13333334,0.4,0.46666667,1.5333333,137.0,56.0,49.0,13.0,2.0,6.0,7.0,23.0
DaRon Holmes II,DEN,F,25.0,8.4,3.72,1.4,0.64,0.04,0.24,0.48,0.76,210.0,93.0,35.0,16.0,1.0,6.0,12.0,19.0
Dalen Terry,PHI,F,48.0,11.479167,3.6666667,1.7916666,1.375,0.6041667,0.3125,0.5416667,1.0208334,551.0,176.0,86.0,66.0,29.0,15.0,26.0,49.0
Patrick Baldwin Jr.,SAC,G,9.0,11.333333,3.6666667,2.5555556,0.5555556,0.33333334,0.5555556,0.5555556,1.6666666,102.0,33.0,23.0,5.0,3.0,5.0,5.0,15.0
Zeke Nnaji,DEN,F,52.0,12.038462,3.6538463,2.6153846,0.5576923,0.32692307,0.46153846,0.5192308,1.3653846,626.0,190.0,136.0,29.0,17.0,24.0,27.0,71.0
Myron Gardner,MIA,F,45.0,9.133333,3.6222222,2.711111,0.9777778,0.44444445,0.17777778,0.37777779,1.7333333,411.0,163.0,122.0,44.0,20.0,8.0,17.0,78.0
Jeremy Sochan,POR,F,44.0,10.659091,3.590909,2.4318182,0.90909094,0.38636363,0.1590909,0.47727272,1.4090909,469.0,158.0,107.0,40.0,17.0,7.0,21.0,62.0
Keaton Wallace,ATL,G,53.0,10.113208,3.509434,1.0566038,1.773585,0.4528302,0.094339624,0.5283019,0.9056604,536.0,186.0,56.0,94.0,24.0,5.0,28.0,48.0
Olivier Sarr,CLE,F,4.0,9.75,3.5,2.75,1.25,0.5,0.75,0.5,2.25,39.0,14.0,11.0,5.0,2.0,3.0,2.0,9.0
Yuki Kawamura,CHI,G,18.0,11.611111,3.4444444,1.8333334,2.6111112,0.5,0.0,0.7777778,0.8333333,209.0,62.0,33.0,47.0,9.0,0.0,14.0,15.0
Trayce Jackson-Davis,TOR,F,53.0,9.358491,3.4150944,2.7358491,0.7358491,0.3207547,0.4528302,0.43396226,0.8490566,496.0,181.0,145.0,39.0,17.0,24.0,23.0,45.0
Drew Timme,LAL,F,27.0,8.703704,3.4074075,1.2222222,0.8518519,0.22222222,0.0,0.4814815,0.7407407,235.0,92.0,33.0,23.0,6.0,0.0,13.0,20.0
Taj Gibson,NO,F,10.0,9.7,3.4,2.7,0.6,0.2,0.1,0.1,1.4,97.0,34.0,27.0,6.0,2.0,1.0,1.0,14.0
Isaiah Stevens,SAC,G,3.0,14.333333,3.3333333,1.0,3.3333333,1.6666666,0.0,0.6666667,0.6666667,43.0,10.0,3.0,10.0,5.0,0.0,2.0,2.0
AJ Johnson,NO,G,48.0,9.4375,3.3333333,1.1458334,0.9791667,0.22916667,0.0625,0.625,0.625,453.0,160.0,55.0,47.0,11.0,3.0,30.0,30.0
Dorian Finney-Smith,CHA,F,37.0,16.756756,3.3243244,2.5135136,0.972973,0.43243244,0.16216215,0.5945946,1.6486486,620.0,123.0,93.0,36.0,16.0,6.0,22.0,61.0
Malevy Leons,GS,F,25.0,11.04,3.32,2.12,0.92,0.56,0.36,0.52,1.24,276.0,83.0,53.0,23.0,14.0,9.0,13.0,31.0
James Wiseman,IND,C,4.0,14.5,3.25,2.0,0.75,0.0,0.25,1.25,2.5,58.0,13.0,8.0,3.0,0.0,1.0,5.0,10.0
Enrique Freeman,MIN,F,4.0,9.25,3.25,2.5,0.5,0.5,0.75,0.5,1.25,37.0,13.0,10.0,2.0,2.0,3.0,2.0,5.0
Amir Coffey,PHX,G,46.0,10.673913,3.2391305,1.2391304,0.5869565,0.19565217,0.10869565,0.19565217,0.65217394,491.0,149.0,57.0,27.0,9.0,5.0,9.0,30.0
Kelly Olynyk,SA,F,42.0,8.571428,3.1666667,1.8095238,1.1666666,0.35714287,0.071428575,0.5714286,0.9285714,360.0,133.0,76.0,49.0,15.0,3.0,24.0,39.0
Alex Antetokounmpo,MIL,F,6.0,3.5,3.1666667,1.0,0.16666667,0.0,0.16666667,0.16666667,0.16666667,21.0,19.0,6.0,1.0,0.0,1.0,1.0,1.0
Mark Sears,MIL,G,7.0,3.7142856,3.142857,0.2857143,0.2857143,0.0,0.0,0.5714286,0.5714286,26.0,22.0,2.0,2.0,0.0,0.0,4.0,4.0
Miles Kelly,DAL,G,14.0,9.571428,3.0714285,1.7142857,0.85714287,0.2857143,0.071428575,0.42857143,0.85714287,134.0,43.0,24.0,12.0,4.0,1.0,6.0,12.0
Khaman Maluach,PHX,C,46.0,8.934783,3.0217392,2.8913043,0.13043478,0.10869565,0.7173913,0.54347825,0.9347826,411.0,139.0,133.0,6.0,5.0,33.0,25.0,43.0
Monte Morris,IND,PG,6.0,10.833333,3.0,1.1666666,1.5,0.16666667,0.16666667,0.33333334,0.5,65.0,18.0,7.0,9.0,1.0,1.0,2.0,3.0
Emanuel Miller,SA,F,5.0,6.6,3.0,0.6,0.8,0.4,0.0,0.0,0.4,33.0,15.0,3.0,4.0,2.0,0.0,0.0,2.0
Chris Livingston,CLE,F,3.0,5.6666665,3.0,1.0,0.33333334,0.33333334,0.0,0.0,1.3333334,17.0,9.0,3.0,1.0,1.0,0.0,0.0,4.0
CJ Huntley,PHX,F,4.0,10.0,3.0,1.25,0.5,0.25,0.0,0.0,0.5,40.0,12.0,5.0,2.0,1.0,0.0,0.0,2.0
Chris Paul,TOR,G,16.0,14.25,2.9375,1.75,3.3125,0.6875,0.0,1.0,1.4375,228.0,47.0,28.0,53.0,11.0,0.0,16.0,23.0
Duop Reath,PHX,C,32.0,8.0625,2.9375,1.1875,0.3125,0.15625,0.25,0.21875,0.875,258.0,94.0,38.0,10.0,5.0,8.0,7.0,28.0
Julian Phillips,MIN,F,48.0,8.895833,2.9166667,1.0208334,0.20833333,0.45833334,0.14583333,0.22916667,0.8958333,427.0,140.0,49.0,10.0,22.0,7.0,11.0,43.0
David Jones Garcia,SA,F,11.0,6.181818,2.909091,1.1818181,1.6363636,0.54545456,0.09090909,0.45454547,0.54545456,68.0,32.0,13.0,18.0,6.0,1.0,5.0,6.0
Bronny James,LAL,G,42.0,8.928572,2.9047618,0.54761904,1.2142857,0.45238096,0.0952381,0.5952381,0.6666667,375.0,122.0,23.0,51.0,19.0,4.0,25.0,28.0
Curtis Jones,DEN,G,10.0,8.8,2.9,1.1,1.0,0.4,0.0,0.2,0.6,88.0,29.0,11.0,10.0,4.0,0.0,2.0,6.0
Kobe Bufkin,LAL,G,16.0,7.4375,2.875,0.8125,0.625,0.125,0.1875,0.3125,0.5625,119.0,46.0,13.0,10.0,2.0,3.0,5.0,9.0
Cam Christie,LAC,G,55.0,8.727273,2.8363636,1.4181818,0.56363636,0.29090908,0.054545455,0.4,0.34545454,480.0,156.0,78.0,31.0,16.0,3.0,22.0,19.0
Norchad Omier,LAC,F,6.0,4.0,2.8333333,1.1666666,0.33333334,0.16666667,0.0,0.0,0.6666667,24.0,17.0,7.0,2.0,1.0,0.0,0.0,4.0
Kevon Looney,LAL,F,21.0,14.619047,2.8095238,5.6190476,1.6190476,0.42857143,0.47619048,0.42857143,1.6190476,307.0,59.0,118.0,34.0,9.0,10.0,9.0,34.0
Jae'Sean Tate,HOU,F,46.0,8.804348,2.8043478,1.5869565,0.54347825,0.2173913,0.06521739,0.3478261,1.0434783,405.0,129.0,73.0,25.0,10.0,3.0,16.0,48.0
Rocco Zikarsky,MIN,C,5.0,7.2,2.8,2.8,0.4,0.0,1.0,0.2,0.6,36.0,14.0,14.0,2.0,0.0,5.0,1.0,3.0
Christian Koloko,ATL,C,27.0,13.222222,2.7037036,3.0,0.6666667,0.5185185,0.8518519,0.5925926,1.7777778,357.0,73.0,81.0,18.0,14.0,23.0,16.0,48.0
Antonio Reeves,CHA,G,10.0,6.8,2.7,0.8,0.3,0.1,0.0,0.1,0.3,68.0,27.0,8.0,3.0,1.0,0.0,1.0,3.0
Gary Harris,DET,G,48.0,13.770833,2.6666667,1.2708334,1.0625,0.5625,0.1875,0.39583334,1.1041666,661.0,128.0,61.0,51.0,27.0,9.0,19.0,53.0
Pat Connaughton,CHA,G,42.0,7.071429,2.6190476,1.4523809,0.42857143,0.26190478,0.023809524,0.26190478,0.21428572,297.0,110.0,61.0,18.0,11.0,1.0,11.0,9.0
Jonathan Isaac,ORL,F,52.0,10.019231,2.5769231,2.5384614,0.42307693,0.3846154,0.59615386,0.34615386,0.78846157,521.0,134.0,132.0,22.0,20.0,31.0,18.0,41.0
Mo Bamba,UTAH,C,4.0,11.0,2.5,5.5,0.25,0.0,0.75,0.5,1.5,44.0,10.0,22.0,1.0,0.0,3.0,2.0,6.0
John Tonje,POR,F,6.0,7.0,2.5,1.0,0.33333334,0.33333334,0.0,0.0,0.8333333,42.0,15.0,6.0,2.0,2.0,0.0,0.0,5.0
JD Davison,ORL,G,28.0,7.785714,2.4642856,1.2142857,1.25,0.21428572,0.21428572,0.25,0.60714287,218.0,69.0,34.0,35.0,6.0,6.0,7.0,17.0
Lachlan Olbrich,CHI,C,37.0,9.2972975,2.4054055,3.0270271,1.1351352,0.3243243,0.21621622,0.43243244,1.3243244,344.0,89.0,112.0,42.0,12.0,8.0,16.0,49.0
Hunter Dickinson,NO,C,5.0,8.4,2.4,1.0,0.4,0.2,0.4,0.6,1.2,42.0,12.0,5.0,2.0,1.0,2.0,3.0,6.0
Kevin McCullar Jr.,NY,G,21.0,7.3809524,2.3809524,1.3333334,0.95238096,0.42857143,0.0,0.5714286,1.0476191,155.0,50.0,28.0,20.0,9.0,0.0,12.0,22.0
Lindy Waters III,SA,F,40.0,7.125,2.375,0.725,0.475,0.15,0.025,0.175,0.6,285.0,95.0,29.0,19.0,6.0,1.0,7.0,24.0
Andre Jackson Jr.,TOR,G,48.0,8.5,2.3541667,1.5,0.8958333,0.39583334,0.083333336,0.6458333,0.8958333,408.0,113.0,72.0,43.0,19.0,4.0,31.0,43.0
Chaz Lanier,DET,G,34.0,7.7058825,2.3529413,0.6764706,0.5,0.20588236,0.0,0.0882353,0.3529412,262.0,80.0,23.0,17.0,7.0,0.0,3.0,12.0
Chris Boucher,UTAH,F,9.0,10.444445,2.3333333,2.0,0.33333334,0.5555556,0.7777778,0.11111111,1.8888888,94.0,21.0,18.0,3.0,5.0,7.0,1.0,17.0
Caleb Houstan,ATL,G,18.0,4.1666665,2.3333333,0.6111111,0.22222222,0.11111111,0.055555556,0.22222222,0.6111111,75.0,42.0,11.0,4.0,2.0,1.0,4.0,11.0
Luke Travers,CLE,F,12.0,8.583333,2.3333333,2.0,0.75,0.5833333,0.33333334,0.25,0.5,103.0,28.0,24.0,9.0,7.0,4.0,3.0,6.0
Jeff Green,HOU,F,30.0,5.8333335,2.2333333,0.8333333,0.26666668,0.06666667,0.06666667,0.13333334,0.4,175.0,67.0,25.0,8.0,2.0,2.0,4.0,12.0
Alijah Martin,TOR,G,23.0,6.347826,2.2173913,0.9130435,0.5217391,0.3478261,0.17391305,0.3478261,0.5217391,146.0,51.0,21.0,12.0,8.0,4.0,8.0,12.0
Yang Hansen,POR,C,43.0,6.976744,2.2093024,1.5348837,0.5116279,0.069767445,0.23255815,0.74418604,1.0,300.0,95.0,66.0,22.0,3.0,10.0,32.0,43.0
Hunter Tyson,BKN,F,21.0,7.714286,2.1904762,1.7142857,0.8095238,0.0952381,0.04761905,0.23809524,0.61904764,162.0,46.0,36.0,17.0,2.0,1.0,5.0,13.0
Ariel Hukporti,PHI,C,54.0,9.222222,2.1666667,2.9444444,0.537037,0.16666667,0.4814815,0.5925926,1.2407408,498.0,117.0,159.0,29.0,9.0,26.0,32.0,67.0
Chris Youngblood,POR,G,34.0,5.4411764,2.0882354,0.8235294,0.3529412,0.11764706,0.0882353,0.05882353,0.64705884,185.0,71.0,28.0,12.0,4.0,3.0,2.0,22.0
Johnny Juzang,MIN,G,21.0,4.1904764,2.047619,0.8095238,0.2857143,0.0952381,0.04761905,0.23809524,0.14285715,88.0,43.0,17.0,6.0,2.0,1.0,5.0,3.0
Jordan McLaughlin,SA,G,44.0,6.409091,2.0227273,0.72727275,0.8636364,0.45454547,0.045454547,0.3409091,0.25,282.0,89.0,32.0,38.0,20.0,2.0,15.0,11.0
Maxi Kleber,LAL,F,43.0,10.72093,2.0,1.9534883,0.627907,0.41860464,0.25581396,0.39534885,1.3953488,461.0,86.0,84.0,27.0,18.0,11.0,17.0,60.0
Dalano Banton,BOS,F,6.0,10.333333,2.0,0.8333333,1.8333334,0.33333334,0.8333333,1.3333334,0.5,62.0,12.0,5.0,11.0,2.0,5.0,8.0,3.0
Colby Jones,DET,G,1.0,7.0,2.0,4.0,2.0,0.0,0.0,0.0,1.0,7.0,2.0,4.0,2.0,0.0,0.0,0.0,1.0
Isaiah Crawford,HOU,F,14.0,6.571429,2.0,1.1428572,0.35714287,0.14285715,0.21428572,0.2857143,0.2857143,92.0,28.0,16.0,5.0,2.0,3.0,4.0,4.0
Alex Morales,ORL,G,4.0,6.0,2.0,0.75,1.0,0.0,0.0,1.0,1.75,24.0,8.0,3.0,4.0,0.0,0.0,4.0,7.0
Jayson Kent,POR,G,5.0,4.4,2.0,1.0,0.0,0.2,0.2,0.0,0.2,22.0,10.0,5.0,0.0,1.0,1.0,0.0,1.0
Trentyn Flowers,CHI,F,2.0,3.0,2.0,0.5,0.5,0.0,0.0,0.5,0.5,6.0,4.0,1.0,1.0,0.0,0.0,1.0,1.0
Adou Thiero,LAL,F,25.0,5.96,1.88,1.12,0.4,0.28,0.08,0.36,0.76,149.0,47.0,28.0,10.0,7.0,2.0,9.0,19.0
Sean Pedulla,HOU,G,7.0,4.428571,1.8571428,0.42857143,0.71428573,0.0,0.0,0.14285715,0.5714286,31.0,13.0,3.0,5.0,0.0,0.0,1.0,4.0
Bobi Klintman,DET,F,12.0,5.9166665,1.8333334,1.5833334,0.5,0.25,0.0,0.5,0.9166667,71.0,22.0,19.0,6.0,3.0,0.0,6.0,11.0
Isaiah Livers,PHX,F,36.0,9.638889,1.8055556,1.6944444,0.5833333,0.3611111,0.22222222,0.33333334,0.7777778,347.0,65.0,61.0,21.0,13.0,8.0,12.0,28.0
Jahmir Young,MIA,G,14.0,4.142857,1.7857143,0.2857143,0.64285713,0.071428575,0.0,0.21428572,0.5,58.0,25.0,4.0,9.0,1.0,0.0,3.0,7.0
Cody Martin,IND,SF,4.0,13.75,1.75,3.5,0.5,1.0,0.5,1.0,1.25,55.0,7.0,14.0,2.0,4.0,2.0,4.0,5.0
Orlando Robinson,ORL,C,4.0,6.25,1.75,1.0,0.75,0.25,0.0,0.0,0.75,25.0,7.0,4.0,3.0,1.0,0.0,0.0,3.0
Brooks Barnhizer,OKC,F,40.0,8.7,1.7,1.95,0.55,0.275,0.125,0.25,0.675,348.0,68.0,78.0,22.0,11.0,5.0,10.0,27.0
Wendell Moore Jr.,DET,F,6.0,10.0,1.6666666,1.0,0.6666667,0.33333334,0.33333334,0.16666667,0.5,60.0,10.0,6.0,4.0,2.0,2.0,1.0,3.0
Pacome Dadiet,NY,F,29.0,4.6896553,1.6551725,0.9310345,0.41379312,0.10344828,0.03448276,0.10344828,0.27586207,136.0,48.0,27.0,12.0,3.0,1.0,3.0,8.0
Jacob Toppin,ATL,F,5.0,3.4,1.6,0.2,0.2,0.0,0.2,0.0,0.2,17.0,8.0,1.0,1.0,0.0,1.0,0.0,1.0
Harrison Ingram,SA,F,7.0,3.7142856,1.5714285,0.42857143,0.14285715,0.0,0.0,0.14285715,0.2857143,26.0,11.0,3.0,1.0,0.0,0.0,1.0,2.0
Mason Plumlee,SA,C,20.0,8.55,1.55,2.65,1.0,0.5,0.0,0.6,0.85,171.0,31.0,53.0,20.0,10.0,0.0,12.0,17.0
Jonathan Mogbo,SAC,F,40.0,6.225,1.525,1.7,0.625,0.275,0.2,0.35,0.65,249.0,61.0,68.0,25.0,11.0,8.0,14.0,26.0
Joe Ingles,MIN,F,27.0,5.6666665,1.5185186,0.7037037,1.2592592,0.33333334,0.074074075,0.5185185,0.33333334,153.0,41.0,19.0,34.0,9.0,2.0,14.0,9.0
Buddy Boeheim,OKC,F,4.0,3.75,1.5,0.0,0.0,0.0,0.0,0.0,0.25,15.0,6.0,0.0,0.0,0.0,0.0,0.0,1.0
Xavier Tillman,CHA,F,30.0,6.133333,1.4666667,1.4333333,0.43333334,0.3,0.16666667,0.26666668,0.5,184.0,44.0,43.0,13.0,9.0,5.0,8.0,15.0
Thanasis Antetokounmpo,MIL,F,34.0,4.352941,1.382353,0.88235295,0.44117647,0.38235295,0.1764706,0.29411766,0.5294118,148.0,47.0,30.0,15.0,13.0,6.0,10.0,18.0
Amari Williams,BOS,F,22.0,6.6363635,1.3636364,1.8181819,0.45454547,0.13636364,0.45454547,0.5,0.8636364,146.0,30.0,40.0,10.0,3.0,10.0,11.0,19.0
TyTy Washington Jr.,LAC,G,16.0,5.5,1.3125,0.375,1.0625,0.375,0.1875,0.1875,0.4375,88.0,21.0,6.0,17.0,6.0,3.0,3.0,7.0
Dillon Jones,PHI,F,7.0,5.571429,1.2857143,1.0,0.5714286,0.42857143,0.0,0.0,0.85714287,39.0,9.0,7.0,4.0,3.0,0.0,0.0,6.0
Isaac Jones,DET,C,7.0,5.142857,1.2857143,0.71428573,0.14285715,0.0,0.14285715,0.14285715,0.5714286,36.0,9.0,5.0,1.0,0.0,1.0,1.0,4.0
Nigel Hayes-Davis,MIL,F,27.0,7.2222223,1.2592592,1.2222222,0.25925925,0.2962963,0.074074075,0.2962963,0.5925926,195.0,34.0,33.0,7.0,8.0,2.0,8.0,16.0
Colin Castleton,ORL,C,4.0,5.25,1.25,2.0,0.25,0.25,0.0,0.5,0.5,21.0,5.0,8.0,1.0,1.0,0.0,2.0,2.0
Kyle Lowry,PHI,G,14.0,8.428572,1.2142857,0.64285713,0.78571427,0.14285715,0.14285715,0.2857143,0.5714286,118.0,17.0,9.0,11.0,2.0,2.0,4.0,8.0
Javonte Cooke,POR,G,19.0,4.9473686,1.2105263,1.0,0.36842105,0.31578946,0.0,0.47368422,0.31578946,94.0,23.0,19.0,7.0,6.0,0.0,9.0,6.0
Dario Saric,DET,F,5.0,8.2,1.0,1.2,0.4,0.0,0.0,0.4,0.6,41.0,5.0,6.0,2.0,0.0,0.0,2.0,3.0
Stanley Umude,SA,G,2.0,3.5,1.0,0.0,0.5,0.5,0.0,0.0,1.0,7.0,2.0,0.0,1.0,1.0,0.0,0.0,2.0
Trey Jemison III,TOR,C,13.0,6.3076925,1.0,1.3846154,0.3846154,0.07692308,0.15384616,0.7692308,0.84615386,82.0,13.0,18.0,5.0,1.0,2.0,10.0,11.0
Trevor Keels,MIA,G,8.0,1.875,1.0,0.25,0.0,0.125,0.0,0.0,0.0,15.0,8.0,2.0,0.0,1.0,0.0,0.0,0.0
Hunter Sallis,PHI,G,7.0,3.7142856,1.0,0.14285715,0.5714286,0.0,0.14285715,0.71428573,0.2857143,26.0,7.0,1.0,4.0,0.0,1.0,5.0,2.0
Bismack Biyombo,SA,C,25.0,5.64,0.92,1.04,0.2,0.16,0.08,0.32,1.08,141.0,23.0,26.0,5.0,4.0,2.0,8.0,27.0
Johni Broome,LAC,F,11.0,5.0,0.90909094,1.4545455,0.36363637,0.27272728,0.18181819,0.27272728,0.6363636,55.0,10.0,16.0,4.0,3.0,2.0,3.0,7.0
Drew Peterson,CHA,F,6.0,10.666667,0.8333333,1.5,0.33333334,0.5,0.16666667,0.0,0.5,64.0,5.0,9.0,2.0,3.0,1.0,0.0,3.0
Markelle Fultz,TOR,G,5.0,7.2,0.8,0.2,1.6,0.4,0.0,0.8,0.4,36.0,4.0,1.0,8.0,2.0,0.0,4.0,2.0
Vladislav Goldin,MIA,C,9.0,2.6666667,0.7777778,1.0,0.33333334,0.0,0.33333334,0.33333334,0.5555556,24.0,7.0,9.0,3.0,0.0,3.0,3.0,5.0
Chris Manon,LAL,G,9.0,5.111111,0.7777778,1.1111112,0.33333334,0.5555556,0.22222222,0.11111111,0.6666667,46.0,7.0,10.0,3.0,5.0,2.0,1.0,6.0
Garrett Temple,TOR,G,22.0,3.3181818,0.77272725,0.4090909,0.4090909,0.18181819,0.09090909,0.3181818,0.27272728,73.0,17.0,9.0,9.0,4.0,2.0,7.0,6.0
N'Faly Dante,ATL,C,4.0,3.75,0.75,1.75,0.0,0.5,0.0,0.25,0.25,15.0,3.0,7.0,0.0,2.0,0.0,1.0,1.0
Max Shulga,BOS,G,11.0,3.2727273,0.6363636,0.54545456,0.18181819,0.09090909,0.0,0.27272728,0.90909094,36.0,7.0,6.0,2.0,1.0,0.0,3.0,10.0
Jahmyl Telfort,LAC,F,8.0,4.0,0.125,0.375,0.125,0.125,0.0,0.125,0.625,32.0,1.0,3.0,1.0,1.0,0.0,1.0,5.0
